max_growth,k_val,rxns,Z
0.84777,0.146727107,CYTDK2,1
0.84777,0.146727107,XPPT,1
0.84777,0.146727107,HXPRT,1
0.84777,0.146727107,OMPDC,1
0.84777,0.146727107,G5SD,1
0.84777,0.146727107,CS,1
0.84777,0.146727107,ALATA_L2,0
0.84777,0.146727107,PTRCTA,0
0.84777,0.146727107,ACS,1
0.84777,0.146727107,CYSDS,1
0.84777,0.146727107,PPA,1
0.84777,0.146727107,APRAUR,1
0.84777,0.146727107,PPCK,0
0.84777,0.146727107,ME1,1
0.84777,0.146727107,DB4PS,1
0.84777,0.146727107,RBFK,1
0.84777,0.146727107,XYLK,0
0.84777,0.146727107,RBK,1
0.84777,0.146727107,GLYK,1
0.84777,0.146727107,ACP1_FMN,1
0.84777,0.146727107,RBFSb,1
0.84777,0.146727107,NDP3,1
0.84777,0.146727107,CDPPH,1
0.84777,0.146727107,NDP7,1
0.84777,0.146727107,FBP,1
0.84777,0.146727107,GLGC,1
0.84777,0.146727107,ALATA_D2,0
0.84777,0.146727107,PYK,1
0.84777,0.146727107,PMDPHT,1
0.84777,0.146727107,CPPPGO,0
0.84777,0.146727107,DHORD5,1
0.84777,0.146727107,GLYCTO2,1
0.84777,0.146727107,GLYCTO3,0
0.84777,0.146727107,GLYCTO4,1
0.84777,0.146727107,RBFSa,1
0.84777,0.146727107,ACHBS,1
0.84777,0.146727107,PFK_3,1
0.84777,0.146727107,DHAD2,1
0.84777,0.146727107,ACLS,1
0.84777,0.146727107,TRPS2,1
0.84777,0.146727107,G3PD5,1
0.84777,0.146727107,G1PP,0
0.84777,0.146727107,PFL,1
0.84777,0.146727107,ANS,1
0.84777,0.146727107,FRD2,1
0.84777,0.146727107,FRD3,1
0.84777,0.146727107,ANPRT,1
0.84777,0.146727107,POX,1
0.84777,0.146727107,CHORM,1
0.84777,0.146727107,CHORS,1
0.84777,0.146727107,IGPS,1
0.84777,0.146727107,LEUTAi,1
0.84777,0.146727107,DMATT,1
0.84777,0.146727107,GRTT,1
0.84777,0.146727107,UPP3S,1
0.84777,0.146727107,UPPDC1,1
0.84777,0.146727107,MOAT,1
0.84777,0.146727107,UDCPDPS,1
0.84777,0.146727107,USHD,1
0.84777,0.146727107,MGSA,1
0.84777,0.146727107,IMPD,1
0.84777,0.146727107,PPS,1
0.84777,0.146727107,LPADSS,1
0.84777,0.146727107,TDSK,1
0.84777,0.146727107,TMPPP,1
0.84777,0.146727107,EDA,1
0.84777,0.146727107,NTPP1,1
0.84777,0.146727107,URIK1,1
0.84777,0.146727107,URIK2,0
0.84777,0.146727107,NTPP2,1
0.84777,0.146727107,PGL,1
0.84777,0.146727107,NTPTP1,0
0.84777,0.146727107,NTPTP2,0
0.84777,0.146727107,CYTDK1,1
0.84777,0.146727107,DHQTi,1
0.84777,0.146727107,IPMD,1
0.84777,0.146727107,G6PDA,0
0.84777,0.146727107,RNDR1,1
0.84777,0.146727107,RNDR3,1
0.84777,0.146727107,RNDR4,1
0.84777,0.146727107,ALDD2y,1
0.84777,0.146727107,TMDS,1
0.84777,0.146727107,TMDK1,0
0.84777,0.146727107,PPCDC,1
0.84777,0.146727107,FTHFD,1
0.84777,0.146727107,DHAD1,1
0.84777,0.146727107,G3PD7,1
0.84777,0.146727107,EDD,1
0.84777,0.146727107,NADH9,1
0.84777,0.146727107,NADH10,1
0.84777,0.146727107,INSK,1
0.84777,0.146727107,ABTA,0
0.84777,0.146727107,FMNAT,1
0.84777,0.146727107,PYDXNK,0
0.84777,0.146727107,PYAM5PO,0
0.84777,0.146727107,SSALx,0
0.84777,0.146727107,ASPT,1
0.84777,0.146727107,SERD_L,1
0.84777,0.146727107,NADDP,1
0.84777,0.146727107,THRD,0
0.84777,0.146727107,HEX4,1
0.84777,0.146727107,NMNAT,1
0.84777,0.146727107,HMPK1,0
0.84777,0.146727107,ACCOAC,1
0.84777,0.146727107,NADK,1
0.84777,0.146727107,GLXCL,1
0.84777,0.146727107,SUCBZS,0
0.84777,0.146727107,ICHORT,0
0.84777,0.146727107,RBK_L1,0
0.84777,0.146727107,TARTD,0
0.84777,0.146727107,NTD2,1
0.84777,0.146727107,GLCRAL,0
0.84777,0.146727107,NTD4,1
0.84777,0.146727107,NTD5,1
0.84777,0.146727107,HEMEOS,0
0.84777,0.146727107,ADMDC,0
0.84777,0.146727107,AGMT,1
0.84777,0.146727107,NTD6,1
0.84777,0.146727107,LGTHL,0
0.84777,0.146727107,PYDXPP,1
0.84777,0.146727107,PDXPP,0
0.84777,0.146727107,ARGDC,1
0.84777,0.146727107,ARGSS,1
0.84777,0.146727107,SPMS,0
0.84777,0.146727107,DXPS,1
0.84777,0.146727107,OAADC,1
0.84777,0.146727107,MNNH,0
0.84777,0.146727107,CDPMEK,1
0.84777,0.146727107,ALTRH,0
0.84777,0.146727107,DDGLK,0
0.84777,0.146727107,ICL,1
0.84777,0.146727107,UAGDP,1
0.84777,0.146727107,UAGCVT,1
0.84777,0.146727107,GLYCL,1
0.84777,0.146727107,CMPN,1
0.84777,0.146727107,NNDPR,1
0.84777,0.146727107,HCYSMT,1
0.84777,0.146727107,DMQMT,0
0.84777,0.146727107,LACZ,0
0.84777,0.146727107,TRE6PH,0
0.84777,0.146727107,PPC,1
0.84777,0.146727107,ICHORS_copy1,0
0.84777,0.146727107,G3PT,1
0.84777,0.146727107,CINNDO,0
0.84777,0.146727107,DHPPD,0
0.84777,0.146727107,DHCIND,0
0.84777,0.146727107,CITL,1
0.84777,0.146727107,GOFUCR,0
0.84777,0.146727107,PYDXK,1
0.84777,0.146727107,DNMPPA,1
0.84777,0.146727107,HPPK2,1
0.84777,0.146727107,PTPATi,1
0.84777,0.146727107,HEX7,1
0.84777,0.146727107,DXPRIi,1
0.84777,0.146727107,GTPCII2,1
0.84777,0.146727107,URIC,1
0.84777,0.146727107,SADT2,1
0.84777,0.146727107,OPHBDC,1
0.84777,0.146727107,OHPHM,0
0.84777,0.146727107,DHORD2,1
0.84777,0.146727107,PFK_2,0
0.84777,0.146727107,ACACCT,0
0.84777,0.146727107,SDPDS,1
0.84777,0.146727107,DMSOR1,0
0.84777,0.146727107,PGLYCP,0
0.84777,0.146727107,DKGLCNR2y,0
0.84777,0.146727107,G1PTT,0
0.84777,0.146727107,TDPGDH,0
0.84777,0.146727107,ADCS,1
0.84777,0.146727107,ADCL,1
0.84777,0.146727107,DHAPT,1
0.84777,0.146727107,UDPGALM,0
0.84777,0.146727107,TDPDRE,0
0.84777,0.146727107,TDPDRR,0
0.84777,0.146727107,RZ5PP,0
0.84777,0.146727107,DURIK1,1
0.84777,0.146727107,G3PD6,0
0.84777,0.146727107,ALLTN,1
0.84777,0.146727107,UAPGR,1
0.84777,0.146727107,UPPRT,0
0.84777,0.146727107,NTD9,1
0.84777,0.146727107,CTPS2,1
0.84777,0.146727107,NTD1,1
0.84777,0.146727107,NTD7,1
0.84777,0.146727107,PAPPT3,1
0.84777,0.146727107,UAGPT3,1
0.84777,0.146727107,AOBUTDs,0
0.84777,0.146727107,ADNUC,1
0.84777,0.146727107,GMHEPPA,0
0.84777,0.146727107,S7PI,0
0.84777,0.146727107,TRPS3,1
0.84777,0.146727107,AGMHE,0
0.84777,0.146727107,NTD10,1
0.84777,0.146727107,GMHEPAT,0
0.84777,0.146727107,ADPT,1
0.84777,0.146727107,IDOND2,0
0.84777,0.146727107,FADRx,1
0.84777,0.146727107,GTPDPK,0
0.84777,0.146727107,NADN,1
0.84777,0.146727107,GLYCLTDx,1
0.84777,0.146727107,HPYRRy,1
0.84777,0.146727107,ACODA,1
0.84777,0.146727107,ADA,1
0.84777,0.146727107,DADA,1
0.84777,0.146727107,ADD,1
0.84777,0.146727107,HBZOPT,1
0.84777,0.146727107,PNTK,1
0.84777,0.146727107,ADSS,1
0.84777,0.146727107,AGDC,1
0.84777,0.146727107,OCTDPS,1
0.84777,0.146727107,ASNN,1
0.84777,0.146727107,DPCOAK,1
0.84777,0.146727107,HETZK,0
0.84777,0.146727107,ASNS2,1
0.84777,0.146727107,ASPCT,1
0.84777,0.146727107,KDOPS,1
0.84777,0.146727107,KDOPP,1
0.84777,0.146727107,DMPPS,1
0.84777,0.146727107,IPDPS,1
0.84777,0.146727107,AST,0
0.84777,0.146727107,SGDS,0
0.84777,0.146727107,CYNTAH,0
0.84777,0.146727107,DHDPRy,1
0.84777,0.146727107,HSK,1
0.84777,0.146727107,GSPMDA,1
0.84777,0.146727107,GSPMDS,1
0.84777,0.146727107,GUAD,0
0.84777,0.146727107,THRS,1
0.84777,0.146727107,HSST,1
0.84777,0.146727107,PPNDH,1
0.84777,0.146727107,TMAOR1,0
0.84777,0.146727107,TMAOR2,0
0.84777,0.146727107,TRDR,0
0.84777,0.146727107,DDPA,1
0.84777,0.146727107,NMNDA,1
0.84777,0.146727107,NNAM,1
0.84777,0.146727107,P5CD,1
0.84777,0.146727107,FRUK,0
0.84777,0.146727107,SPMDAT1,0
0.84777,0.146727107,RHCCE,1
0.84777,0.146727107,KG6PDC,0
0.84777,0.146727107,SPMDAT2,0
0.84777,0.146727107,TDPADGAT,0
0.84777,0.146727107,MALS,1
0.84777,0.146727107,X5PL3E,0
0.84777,0.146727107,DOGULNR,0
0.84777,0.146727107,TRE6PP,0
0.84777,0.146727107,BETALDHx,0
0.84777,0.146727107,BETALDHy,0
0.84777,0.146727107,MLTG3,0
0.84777,0.146727107,ADPRDP,1
0.84777,0.146727107,NADTRHD,0
0.84777,0.146727107,FMNRx2,1
0.84777,0.146727107,GALS3,0
0.84777,0.146727107,FCLK,0
0.84777,0.146727107,GMPS2,1
0.84777,0.146727107,AMPN,1
0.84777,0.146727107,GSNK,1
0.84777,0.146727107,GALUi,0
0.84777,0.146727107,UAAGDS,1
0.84777,0.146727107,UAMAS,1
0.84777,0.146727107,UAMAGS,1
0.84777,0.146727107,UGLYCH,1
0.84777,0.146727107,NTPP3,1
0.84777,0.146727107,NTPP6,1
0.84777,0.146727107,NTPP7,1
0.84777,0.146727107,OP4ENH,0
0.84777,0.146727107,HOPNTAL,0
0.84777,0.146727107,NTPP8,1
0.84777,0.146727107,P5CR,1
0.84777,0.146727107,3HPPPNH,0
0.84777,0.146727107,G5SADs,1
0.84777,0.146727107,GMAND,0
0.84777,0.146727107,CYTD,1
0.84777,0.146727107,AKGDH,1
0.84777,0.146727107,HPYRRx,0
0.84777,0.146727107,GLYCDx,0
0.84777,0.146727107,ASP1DC,1
0.84777,0.146727107,UGMDDS,1
0.84777,0.146727107,DCYTD,1
0.84777,0.146727107,DBTS,1
0.84777,0.146727107,DCTPD,1
0.84777,0.146727107,UHGADA,1
0.84777,0.146727107,AMANK,0
0.84777,0.146727107,HISTD,1
0.84777,0.146727107,DHDPS,1
0.84777,0.146727107,G1PACT,1
0.84777,0.146727107,GART,1
0.84777,0.146727107,CSND,1
0.84777,0.146727107,GF6PTA,1
0.84777,0.146727107,IGPDH,1
0.84777,0.146727107,H2SO,1
0.84777,0.146727107,GLUCYS,1
0.84777,0.146727107,PRATPP,1
0.84777,0.146727107,GLUN,1
0.84777,0.146727107,GLUPRT,1
0.84777,0.146727107,GMPR,0
0.84777,0.146727107,CYSS,1
0.84777,0.146727107,NADS1,1
0.84777,0.146727107,BPNT,1
0.84777,0.146727107,PAPSR,1
0.84777,0.146727107,DAPDC,1
0.84777,0.146727107,NTRIR2x,0
0.84777,0.146727107,GPDDA1,0
0.84777,0.146727107,GPDDA2,1
0.84777,0.146727107,PPND,1
0.84777,0.146727107,METAT,1
0.84777,0.146727107,ASCBPL,0
0.84777,0.146727107,ACBIPGT,0
0.84777,0.146727107,TRPS1,1
0.84777,0.146727107,PRAMPC,1
0.84777,0.146727107,ADOCBLS,0
0.84777,0.146727107,ADOCBIK,0
0.84777,0.146727107,TMPK,1
0.84777,0.146727107,HPPPNDO,0
0.84777,0.146727107,DXYLK,0
0.84777,0.146727107,MDH3,1
0.84777,0.146727107,SOTA,0
0.84777,0.146727107,DHCINDO,0
0.84777,0.146727107,SGSAD,0
0.84777,0.146727107,HKNDDH,0
0.84777,0.146727107,HKNTDH,0
0.84777,0.146727107,GLYCK2,1
0.84777,0.146727107,PTA2,0
0.84777,0.146727107,MDH2,1
0.84777,0.146727107,GPDDA5,0
0.84777,0.146727107,PDX5PS,1
0.84777,0.146727107,PPBNGS,1
0.84777,0.146727107,ENTCS,0
0.84777,0.146727107,SULR,1
0.84777,0.146727107,MANPGH,0
0.84777,0.146727107,URDGLYCD,1
0.84777,0.146727107,PPNCL2,1
0.84777,0.146727107,PRFGS,1
0.84777,0.146727107,ACM6PH,1
0.84777,0.146727107,CYTDH,1
0.84777,0.146727107,ETHAAL,1
0.84777,0.146727107,MAN1PT2,0
0.84777,0.146727107,PSERT,0
0.84777,0.146727107,AP4AH,1
0.84777,0.146727107,AP5AH,0
0.84777,0.146727107,ADNCYC,1
0.84777,0.146727107,AIRC2,1
0.84777,0.146727107,MI1PP,0
0.84777,0.146727107,MCITS,0
0.84777,0.146727107,HEX1,0
0.84777,0.146727107,GND,1
0.84777,0.146727107,TAUDO,0
0.84777,0.146727107,NTP3,1
0.84777,0.146727107,MOAT2,1
0.84777,0.146727107,ME2,1
0.84777,0.146727107,CBPS,1
0.84777,0.146727107,GLU5K,1
0.84777,0.146727107,IPPS,1
0.84777,0.146727107,NADH5,1
0.84777,0.146727107,MOHMT,1
0.84777,0.146727107,MLTG2,0
0.84777,0.146727107,MLTG1,0
0.84777,0.146727107,AMALT3,0
0.84777,0.146727107,SPODM,1
0.84777,0.146727107,AHCYSNS,1
0.84777,0.146727107,ACNML,0
0.84777,0.146727107,TMK,0
0.84777,0.146727107,NTPP4,1
0.84777,0.146727107,GMPS,1
0.84777,0.146727107,CAT,1
0.84777,0.146727107,FTHFLi,1
0.84777,0.146727107,UDPGD,0
0.84777,0.146727107,GLCRD,0
0.84777,0.146727107,PPPNDO,0
0.84777,0.146727107,CHRPL,1
0.84777,0.146727107,TDPAGTA,0
0.84777,0.146727107,UACMAMO,0
0.84777,0.146727107,PMPK,1
0.84777,0.146727107,LCADi,1
0.84777,0.146727107,PSP_L,0
0.84777,0.146727107,GLUDC,1
0.84777,0.146727107,BSORy,0
0.84777,0.146727107,DMSOR2,0
0.84777,0.146727107,ADSK,1
0.84777,0.146727107,CYSTL,1
0.84777,0.146727107,ACMAMUT,0
0.84777,0.146727107,SHSL1,1
0.84777,0.146727107,SSALy,0
0.84777,0.146727107,DDGALK,0
0.84777,0.146727107,AB6PGH,0
0.84777,0.146727107,AMALT1,0
0.84777,0.146727107,3HCINNMH,0
0.84777,0.146727107,BSORx,0
0.84777,0.146727107,PACCOAL,1
0.84777,0.146727107,GP4GH,0
0.84777,0.146727107,ACGAMT,0
0.84777,0.146727107,AADDGT,0
0.84777,0.146727107,SPODMpp,0
0.84777,0.146727107,PHYTSpp,0
0.84777,0.146727107,PPTHpp,0
0.84777,0.146727107,NTP3pp,0
0.84777,0.146727107,GMHEPK,0
0.84777,0.146727107,GTPCI,1
0.84777,0.146727107,FDMO,0
0.84777,0.146727107,CHOLD,0
0.84777,0.146727107,TRE6PS,0
0.84777,0.146727107,DRPA,0
0.84777,0.146727107,UDCPDP,1
0.84777,0.146727107,TREH,0
0.84777,0.146727107,NTD8pp,0
0.84777,0.146727107,DHFS,1
0.84777,0.146727107,TREHpp,0
0.84777,0.146727107,ACGAMK,0
0.84777,0.146727107,METS,1
0.84777,0.146727107,ASPO3,1
0.84777,0.146727107,ASPO5,1
0.84777,0.146727107,ASPO4,0
0.84777,0.146727107,ASPO6,1
0.84777,0.146727107,GLYOX3,1
0.84777,0.146727107,FDMO3,0
0.84777,0.146727107,O16GLCT1,0
0.84777,0.146727107,O16AP2pp,0
0.84777,0.146727107,O16AP3pp,0
0.84777,0.146727107,O16A4Lpp,0
0.84777,0.146727107,PRASCSi,1
0.84777,0.146727107,DHBSH,0
0.84777,0.146727107,MALDDH,0
0.84777,0.146727107,ENTERES,0
0.84777,0.146727107,DHPS2,1
0.84777,0.146727107,LYXI,0
0.84777,0.146727107,QULNS,1
0.84777,0.146727107,ALKP,1
0.84777,0.146727107,L_LACD3,1
0.84777,0.146727107,L_LACD2,1
0.84777,0.146727107,GGGABAH,1
0.84777,0.146727107,FDMO6,0
0.84777,0.146727107,DATPHs,1
0.84777,0.146727107,GLCTR1,0
0.84777,0.146727107,ECAP1pp,0
0.84777,0.146727107,UDCPDPpp,0
0.84777,0.146727107,ECAP2pp,0
0.84777,0.146727107,ECA4OALpp,0
0.84777,0.146727107,FE3Ri,1
0.84777,0.146727107,NODOy,0
0.84777,0.146727107,GALM2pp,0
0.84777,0.146727107,GLCTR3,0
0.84777,0.146727107,HEPT4,0
0.84777,0.146727107,NODOx,0
0.84777,0.146727107,NHFRBO,0
0.84777,0.146727107,42A12BOOXpp,0
0.84777,0.146727107,TYROXDApp,0
0.84777,0.146727107,UDPGALPpp,0
0.84777,0.146727107,UACGAMPpp,0
0.84777,0.146727107,UACGALPpp,0
0.84777,0.146727107,UGLCURPpp,0
0.84777,0.146727107,FEROpp,1
0.84777,0.146727107,GUR1PPpp,0
0.84777,0.146727107,ACGAL1PPpp,0
0.84777,0.146727107,AM4PCP,1
0.84777,0.146727107,ACANTHAT,0
0.84777,0.146727107,TDP,1
0.84777,0.146727107,METSOXR1,0
0.84777,0.146727107,METSOXR2,0
0.84777,0.146727107,DAPAL,0
0.84777,0.146727107,AMPTASECG,1
0.84777,0.146727107,LACZpp,0
0.84777,0.146727107,GPDDA1pp,0
0.84777,0.146727107,GPDDA5pp,0
0.84777,0.146727107,PTHRpp,0
0.84777,0.146727107,FLVR,1
0.84777,0.146727107,FDMO2,0
0.84777,0.146727107,LALGP,0
0.84777,0.146727107,R5PPpp,0
0.84777,0.146727107,PSP_Lpp,0
0.84777,0.146727107,TYRPpp,0
0.84777,0.146727107,R1PK,1
0.84777,0.146727107,R15BPK,1
0.84777,0.146727107,FACOAE160,1
0.84777,0.146727107,PPGPPDP,1
0.84777,0.146727107,GUACYC,1
0.84777,0.146727107,GGPTRCS,1
0.84777,0.146727107,23PDE2pp,0
0.84777,0.146727107,23PDE4pp,0
0.84777,0.146727107,23PDE9pp,0
0.84777,0.146727107,ATPHs,1
0.84777,0.146727107,SARCOX,0
0.84777,0.146727107,GTPHs,0
0.84777,0.146727107,MN6PP,1
0.84777,0.146727107,3KGK,0
0.84777,0.146727107,F6PP,1
0.84777,0.146727107,GDPMNH,0
0.84777,0.146727107,GDPDPK,1
0.84777,0.146727107,ASNNpp,1
0.84777,0.146727107,GLUNpp,0
0.84777,0.146727107,NTD12,1
0.84777,0.146727107,NTD10pp,0
0.84777,0.146727107,NTD1pp,0
0.84777,0.146727107,NTD2pp,0
0.84777,0.146727107,NTD3pp,0
0.84777,0.146727107,NTD4pp,0
0.84777,0.146727107,NTD5pp,0
0.84777,0.146727107,DNTPPA,1
0.84777,0.146727107,NTD6pp,0
0.84777,0.146727107,NTD7pp,0
0.84777,0.146727107,NTD9pp,0
0.84777,0.146727107,PEAMNOpp,0
0.84777,0.146727107,GAL1PPpp,0
0.84777,0.146727107,NTPP9,1
0.84777,0.146727107,NTPP10,1
0.84777,0.146727107,NTPP11,0
0.84777,0.146727107,ARGDCpp,1
0.84777,0.146727107,URIH,1
0.84777,0.146727107,ALLK,0
0.84777,0.146727107,NADPHQR2,1
0.84777,0.146727107,NADPHQR3,1
0.84777,0.146727107,NADPHQR4,1
0.84777,0.146727107,ASR,0
0.84777,0.146727107,METOX1s,0
0.84777,0.146727107,XTSNH,1
0.84777,0.146727107,METOX2s,0
0.84777,0.146727107,INSH,1
0.84777,0.146727107,O16AT,0
0.84777,0.146727107,O16GALFT,0
0.84777,0.146727107,O16GLCT2,0
0.84777,0.146727107,O16AP1pp,0
0.84777,0.146727107,GPDDA3pp,0
0.84777,0.146727107,GPDDA4pp,0
0.84777,0.146727107,GPDDA2pp,1
0.84777,0.146727107,AGM4PCP,0
0.84777,0.146727107,HCYSMT2,0
0.84777,0.146727107,ACGK,1
0.84777,0.146727107,PPK2,0
0.84777,0.146727107,PPDOy,0
0.84777,0.146727107,NTD12pp,0
0.84777,0.146727107,PPA2,0
0.84777,0.146727107,GNK,1
0.84777,0.146727107,HMBS,1
0.84777,0.146727107,3NTD7pp,0
0.84777,0.146727107,3NTD4pp,0
0.84777,0.146727107,3NTD2pp,0
0.84777,0.146727107,3NTD9pp,0
0.84777,0.146727107,RMK,0
0.84777,0.146727107,HYPOE,1
0.84777,0.146727107,MEPCT,1
0.84777,0.146727107,23PDE7pp,0
0.84777,0.146727107,GLYCLTDy,1
0.84777,0.146727107,LYSDC,1
0.84777,0.146727107,DAAD,1
0.84777,0.146727107,HSTPT,1
0.84777,0.146727107,NTPP5,1
0.84777,0.146727107,THDPS,1
0.84777,0.146727107,ACONMT,0
0.84777,0.146727107,ATPM,1
0.84777,0.146727107,NADPPPS,1
0.84777,0.146727107,THRD_L,1
0.84777,0.146727107,NTD3,1
0.84777,0.146727107,GLYOX,0
0.84777,0.146727107,NAMNPP,1
0.84777,0.146727107,SELNPS,0
0.84777,0.146727107,MTRPOX,0
0.84777,0.146727107,AGM4PCPpp,0
0.84777,0.146727107,GTPDPDP,1
0.84777,0.146727107,RNDR2,1
0.84777,0.146727107,PRAIi,1
0.84777,0.146727107,NMNN,1
0.84777,0.146727107,XAND,1
0.84777,0.146727107,SHKK,1
0.84777,0.146727107,NNDMBRT,0
0.84777,0.146727107,THRA2,0
0.84777,0.146727107,PPK,1
0.84777,0.146727107,SADH,0
0.84777,0.146727107,GLUSy,1
0.84777,0.146727107,GUAPRT,0
0.84777,0.146727107,OMCDC,1
0.84777,0.146727107,ABUTD,0
0.84777,0.146727107,PDH,1
0.84777,0.146727107,MTHFR2,1
0.84777,0.146727107,DUTPDP,1
0.84777,0.146727107,NTP5,1
0.84777,0.146727107,MTAN,0
0.84777,0.146727107,DPR,1
0.84777,0.146727107,NTD8,0
0.84777,0.146727107,GALCTD,0
0.84777,0.146727107,MLTG4,0
0.84777,0.146727107,UDPGDC,0
0.84777,0.146727107,G6PP,1
0.84777,0.146727107,MMCD,0
0.84777,0.146727107,GLNS,1
0.84777,0.146727107,GTHS,0
0.84777,0.146727107,ULA4NFT,0
0.84777,0.146727107,NTD11pp,0
0.84777,0.146727107,DKGLCNR2x,0
0.84777,0.146727107,ACGS,1
0.84777,0.146727107,PDE1,1
0.84777,0.146727107,UPLA4FNT,0
0.84777,0.146727107,HEPT1,0
0.84777,0.146727107,MCITD,0
0.84777,0.146727107,ALR2,1
0.84777,0.146727107,AMALT2,0
0.84777,0.146727107,HEPT2,0
0.84777,0.146727107,HXAND,0
0.84777,0.146727107,MOAT3C,0
0.84777,0.146727107,ADNK1,1
0.84777,0.146727107,RHAT1,0
0.84777,0.146727107,GALT1,0
0.84777,0.146727107,GLCTR2,0
0.84777,0.146727107,G2PPpp,0
0.84777,0.146727107,UDPGPpp,0
0.84777,0.146727107,HEPK1,0
0.84777,0.146727107,HEPT3,0
0.84777,0.146727107,HEPK2,0
0.84777,0.146727107,R5PP,1
0.84777,0.146727107,CYSSADS,0
0.84777,0.146727107,CPPPGO2,1
0.84777,0.146727107,PPPGO,1
0.84777,0.146727107,LDH_D2,1
0.84777,0.146727107,SUCBZL,0
0.84777,0.146727107,CYSDDS,0
0.84777,0.146727107,NTP1,1
0.84777,0.146727107,LALDO3,1
0.84777,0.146727107,NTP10,0
0.84777,0.146727107,PRAIS,1
0.84777,0.146727107,GDMANE,0
0.84777,0.146727107,GPDDA4,1
0.84777,0.146727107,PLIPA1E160pp,1
0.84777,0.146727107,LPLIPAL2E180,0
0.84777,0.146727107,2AGPEAT160,1
0.84777,0.146727107,PANTS,1
0.84777,0.146727107,G1PPpp,0
0.84777,0.146727107,GALCTND,0
0.84777,0.146727107,GCALDD,1
0.84777,0.146727107,HISTP,1
0.84777,0.146727107,QMO2,0
0.84777,0.146727107,QMO3,1
0.84777,0.146727107,AMALT4,0
0.84777,0.146727107,NTD11,1
0.84777,0.146727107,LPLIPAL2G180,0
0.84777,0.146727107,ORNDC,1
0.84777,0.146727107,UPP3MT,1
0.84777,0.146727107,2AGPGAT180,1
0.84777,0.146727107,DHQS,1
0.84777,0.146727107,2AGPGAT160,1
0.84777,0.146727107,PGSA180,0
0.84777,0.146727107,PGCD,0
0.84777,0.146727107,FACOAE180,1
0.84777,0.146727107,LPLIPAL2ATG140,0
0.84777,0.146727107,LPLIPAL2ATG160,0
0.84777,0.146727107,LPLIPAL2ATG180,0
0.84777,0.146727107,FACOAE80,0
0.84777,0.146727107,CFAS160G,0
0.84777,0.146727107,ALAALAD,1
0.84777,0.146727107,2AGPEAT180,1
0.84777,0.146727107,LPLIPAL2ATE140,0
0.84777,0.146727107,LPLIPAL2ATE160,0
0.84777,0.146727107,LPLIPAL2ATE180,0
0.84777,0.146727107,PLIPA1G180pp,1
0.84777,0.146727107,AMPTASEPG,0
0.84777,0.146727107,PGPP160pp,1
0.84777,0.146727107,PGPP180pp,0
0.84777,0.146727107,SERD_D,0
0.84777,0.146727107,CLPNH160pp,1
0.84777,0.146727107,PLIPA1E180pp,1
0.84777,0.146727107,FLVRx,0
0.84777,0.146727107,GGPTRCO,1
0.84777,0.146727107,AACTOOR,0
0.84777,0.146727107,ECAP3pp,0
0.84777,0.146727107,TPRDCOAS,0
0.84777,0.146727107,ACGAM1PPpp,0
0.84777,0.146727107,FMNRx,1
0.84777,0.146727107,DHBS,0
0.84777,0.146727107,THIORDXi,1
0.84777,0.146727107,PPPGO3,1
0.84777,0.146727107,PFK,1
0.84777,0.146727107,PDX5POi,1
0.84777,0.146727107,PDX5PO2,0
0.84777,0.146727107,OMBZLM,0
0.84777,0.146727107,GLYCK,1
0.84777,0.146727107,MLTG5,0
0.84777,0.146727107,GPDDA3,0
0.84777,0.146727107,2DOXG6PP,0
0.84777,0.146727107,OXAMTC,1
0.84777,0.146727107,DASYN140,1
0.84777,0.146727107,DASYN180,1
0.84777,0.146727107,MCTP2App,0
0.84777,0.146727107,5DOAN,1
0.84777,0.146727107,SFGTHi,0
0.84777,0.146727107,PYDAMK,1
0.84777,0.146727107,DHORDfum,1
0.84777,0.146727107,DHNAOT4,0
0.84777,0.146727107,AMPMS2,1
0.84777,0.146727107,ALR4x,1
0.84777,0.146727107,PSSA180,0
0.84777,0.146727107,PSD160,1
0.84777,0.146727107,PSD180,0
0.84777,0.146727107,LPLIPAL1G180pp,0
0.84777,0.146727107,LPLIPAL1G181pp,0
0.84777,0.146727107,PLIPA2A180pp,1
0.84777,0.146727107,PLIPA2G160pp,1
0.84777,0.146727107,CU1Opp,0
0.84777,0.146727107,SUCDi,1
0.84777,0.146727107,FADRx2,1
0.84777,0.146727107,LALDO2x,0
0.84777,0.146727107,LPLIPAL1E160pp,1
0.84777,0.146727107,LPLIPAL1E180pp,0
0.84777,0.146727107,ASNS1,1
0.84777,0.146727107,LPLIPAL1G160pp,1
0.84777,0.146727107,GTHRDHpp,1
0.84777,0.146727107,PLIPA2E160pp,1
0.84777,0.146727107,MDDCP3pp,0
0.84777,0.146727107,MLDCP2Bpp,0
0.84777,0.146727107,CDAPPA140,1
0.84777,0.146727107,MLDCP1App,0
0.84777,0.146727107,PDE4,1
0.84777,0.146727107,PGSA161,0
0.84777,0.146727107,PGPP160,1
0.84777,0.146727107,PGPP180,0
0.84777,0.146727107,PGPP161,0
0.84777,0.146727107,CDAPPA180,1
0.84777,0.146727107,NTP12,0
0.84777,0.146727107,LPLIPAL1A180pp,1
0.84777,0.146727107,MLDCP2App,0
0.84777,0.146727107,CLPNH140pp,1
0.84777,0.146727107,MDDCP5pp,0
0.84777,0.146727107,MLTGY3pp,0
0.84777,0.146727107,MDDCP4pp,0
0.84777,0.146727107,PLIPA1G160pp,1
0.84777,0.146727107,LPLIPAL2E160,1
0.84777,0.146727107,LPLIPAL2G160,1
0.84777,0.146727107,AGPAT181,0
0.84777,0.146727107,PGPP161pp,0
0.84777,0.146727107,MDDEP3pp,0
0.84777,0.146727107,MLTGY1pp,1
0.84777,0.146727107,MLDCP1Bpp,0
0.84777,0.146727107,AGPAT141,0
0.84777,0.146727107,MDDEP2pp,0
0.84777,0.146727107,AGPAT161,1
0.84777,0.146727107,MLDEP1pp,0
0.84777,0.146727107,MLTGY2pp,0
0.84777,0.146727107,NTP11,0
0.84777,0.146727107,OMMBLHX3,0
0.84777,0.146727107,2MAHMP,1
0.84777,0.146727107,NADHPO,1
0.84777,0.146727107,CTBTCAL2,0
0.84777,0.146727107,OBTFL,0
0.84777,0.146727107,GDPMNP,0
0.84777,0.146727107,OPHHX3,1
0.84777,0.146727107,AMMQLT8,0
0.84777,0.146727107,CRNDCAL2,0
0.84777,0.146727107,DTARTD,0
0.84777,0.146727107,CRNCAL2,0
0.84777,0.146727107,PLIPA2E180pp,0
0.84777,0.146727107,PLIPA2G180pp,0
0.84777,0.146727107,OXCDC,0
0.84777,0.146727107,GALCTLO,0
0.84777,0.146727107,MTHTHFSs,0
0.84777,0.146727107,SELGTHR,0
0.84777,0.146727107,MALCOAMT,1
0.84777,0.146727107,THRA,0
0.84777,0.146727107,XYLK2,0
0.84777,0.146727107,S2FE2SR,1
0.84777,0.146727107,3AMACHYD,0
0.84777,0.146727107,LDGUNPD,1
0.84777,0.146727107,MPTAT,0
0.84777,0.146727107,CCGS,0
0.84777,0.146727107,SELR,0
0.84777,0.146727107,CDGR,0
0.84777,0.146727107,S2FE2ST,1
0.84777,0.146727107,CDGS,0
0.84777,0.146727107,CBMD,0
0.84777,0.146727107,I2FE2ST,0
0.84777,0.146727107,OXCOAHDH,0
0.84777,0.146727107,MSAR,0
0.84777,0.146727107,THFAT,0
0.84777,0.146727107,FOMETRi,0
0.84777,0.146727107,GDPTPDP,1
0.84777,0.146727107,LIPOCT,0
0.84777,0.146727107,LIPATPT,0
0.84777,0.146727107,MMM,0
0.84777,0.146727107,CPH4S,0
0.84777,0.146727107,SHCHCS3,0
0.84777,0.146727107,PYK4,1
0.84777,0.146727107,3OXCOAT,0
0.84777,0.146727107,URACPAH,0
0.84777,0.146727107,AP4AS,1
0.84777,0.146727107,GNP,1
0.84777,0.146727107,POAACR,0
0.84777,0.146727107,ACOAD1fr,0
0.84777,0.146727107,ALR2x,1
0.84777,0.146727107,OMPHHXy,0
0.84777,0.146727107,APCS,0
0.84777,0.146727107,ThDPAT,0
0.84777,0.146727107,G2PP,0
0.84777,0.146727107,SHGO,1
0.84777,0.146727107,PACOAT,1
0.84777,0.146727107,PYK2,1
0.84777,0.146727107,PYK3,1
0.84777,0.146727107,DHPTDNR,0
0.84777,0.146727107,DHPTDNRN,0
0.84777,0.146727107,GTHPi,1
0.84777,0.146727107,SEPHCHCS,0
0.84777,0.146727107,PYK6,1
0.84777,0.146727107,5DGLCNR,0
0.84777,0.146727107,RU5PP,0
0.84777,0.146727107,MOX,1
0.84777,0.146727107,CYSTA,0
0.84777,0.146727107,I2FE2SR,0
0.84777,0.146727107,GAPP,1
0.84777,0.146727107,TYRL,1
0.84777,0.146727107,HPYRP,0
0.84777,0.146727107,QUINDHyi,0
0.84777,0.146727107,DHGLYH,1
0.84777,0.146727107,4HTHRK,0
0.84777,0.146727107,ACOAD1f,0
0.84777,0.146727107,QUINDH,0
0.84777,0.146727107,LCARSyi,1
0.84777,0.146727107,OMMBLHXy,0
0.84777,0.146727107,OPHHXy,1
0.84777,0.146727107,PROD3,1
0.84777,0.146727107,F1PP,0
0.84777,0.146727107,ACP1p,0
0.84777,0.146727107,3HPADHi,0
0.84777,0.146727107,DHPTDCs2,0
0.84777,0.146727107,OXDHCOAT,0
0.84777,0.146727107,PYROX,0
0.84777,0.146727107,NDPK5_FWD,1
0.84777,0.146727107,NDPK5_REV,0
0.84777,0.146727107,SHK3Dr_FWD,1
0.84777,0.146727107,SHK3Dr_REV,0
0.84777,0.146727107,NDPK6_FWD,1
0.84777,0.146727107,NDPK6_REV,0
0.84777,0.146727107,NDPK8_FWD,1
0.84777,0.146727107,NDPK8_REV,0
0.84777,0.146727107,DHORTS_FWD,0
0.84777,0.146727107,DHORTS_REV,1
0.84777,0.146727107,PYNP2r_FWD,1
0.84777,0.146727107,PYNP2r_REV,0
0.84777,0.146727107,ICDHyr_FWD,1
0.84777,0.146727107,ICDHyr_REV,0
0.84777,0.146727107,DURIPP_FWD,1
0.84777,0.146727107,DURIPP_REV,0
0.84777,0.146727107,ACALD_FWD,1
0.84777,0.146727107,ACALD_REV,0
0.84777,0.146727107,MAN6PI_FWD,0
0.84777,0.146727107,MAN6PI_REV,0
0.84777,0.146727107,TRPAS2_FWD,1
0.84777,0.146727107,TRPAS2_REV,0
0.84777,0.146727107,ALAR_FWD,1
0.84777,0.146727107,ALAR_REV,0
0.84777,0.146727107,ALATA_L_FWD,0
0.84777,0.146727107,ALATA_L_REV,1
0.84777,0.146727107,PPM_FWD,1
0.84777,0.146727107,PPM_REV,0
0.84777,0.146727107,ASPTA_FWD,0
0.84777,0.146727107,ASPTA_REV,1
0.84777,0.146727107,A5PISO_FWD,1
0.84777,0.146727107,A5PISO_REV,0
0.84777,0.146727107,GTHOr_FWD,1
0.84777,0.146727107,GTHOr_REV,0
0.84777,0.146727107,ILETA_FWD,0
0.84777,0.146727107,ILETA_REV,1
0.84777,0.146727107,VALTA_FWD,0
0.84777,0.146727107,VALTA_REV,1
0.84777,0.146727107,IPPMIb_FWD,0
0.84777,0.146727107,IPPMIb_REV,1
0.84777,0.146727107,ORPT_FWD,0
0.84777,0.146727107,ORPT_REV,1
0.84777,0.146727107,PSCVT_FWD,1
0.84777,0.146727107,PSCVT_REV,0
0.84777,0.146727107,PTAr_FWD,0
0.84777,0.146727107,PTAr_REV,1
0.84777,0.146727107,ACKr_FWD,0
0.84777,0.146727107,ACKr_REV,0
0.84777,0.146727107,EX_h_e_FWD,0
0.84777,0.146727107,EX_h_e_REV,0
0.84777,0.146727107,TMDPP_FWD,1
0.84777,0.146727107,TMDPP_REV,0
0.84777,0.146727107,ECOAH6_FWD,1
0.84777,0.146727107,ECOAH6_REV,0
0.84777,0.146727107,ENO_FWD,1
0.84777,0.146727107,ENO_REV,0
0.84777,0.146727107,FBA_FWD,0
0.84777,0.146727107,FBA_REV,1
0.84777,0.146727107,HCO3E_FWD,1
0.84777,0.146727107,HCO3E_REV,0
0.84777,0.146727107,IMPC_FWD,0
0.84777,0.146727107,IMPC_REV,1
0.84777,0.146727107,ECOAH4_FWD,0
0.84777,0.146727107,ECOAH4_REV,0
0.84777,0.146727107,PGI_FWD,1
0.84777,0.146727107,PGI_REV,0
0.84777,0.146727107,PGK_FWD,0
0.84777,0.146727107,PGK_REV,1
0.84777,0.146727107,RPE_FWD,1
0.84777,0.146727107,RPE_REV,0
0.84777,0.146727107,TALA_FWD,0
0.84777,0.146727107,TALA_REV,1
0.84777,0.146727107,PUNP1_FWD,1
0.84777,0.146727107,PUNP1_REV,0
0.84777,0.146727107,PUNP2_FWD,1
0.84777,0.146727107,PUNP2_REV,0
0.84777,0.146727107,PUNP3_FWD,0
0.84777,0.146727107,PUNP3_REV,0
0.84777,0.146727107,ADSL2r_FWD,1
0.84777,0.146727107,ADSL2r_REV,0
0.84777,0.146727107,TKT1_FWD,1
0.84777,0.146727107,TKT1_REV,0
0.84777,0.146727107,PUNP5_FWD,1
0.84777,0.146727107,PUNP5_REV,0
0.84777,0.146727107,PUNP6_FWD,1
0.84777,0.146727107,PUNP6_REV,0
0.84777,0.146727107,PUNP7_FWD,0
0.84777,0.146727107,PUNP7_REV,0
0.84777,0.146727107,ALCD2x_FWD,0
0.84777,0.146727107,ALCD2x_REV,1
0.84777,0.146727107,RMI_FWD,0
0.84777,0.146727107,RMI_REV,0
0.84777,0.146727107,LYSAM_FWD,0
0.84777,0.146727107,LYSAM_REV,0
0.84777,0.146727107,IPPMIa_FWD,0
0.84777,0.146727107,IPPMIa_REV,1
0.84777,0.146727107,ADK4_FWD,0
0.84777,0.146727107,ADK4_REV,0
0.84777,0.146727107,MDH_FWD,1
0.84777,0.146727107,MDH_REV,0
0.84777,0.146727107,FUM_FWD,1
0.84777,0.146727107,FUM_REV,0
0.84777,0.146727107,OHPBAT_FWD,1
0.84777,0.146727107,OHPBAT_REV,0
0.84777,0.146727107,KARA1_FWD,0
0.84777,0.146727107,KARA1_REV,1
0.84777,0.146727107,KARA2_FWD,1
0.84777,0.146727107,KARA2_REV,0
0.84777,0.146727107,ICHORS_copy2_FWD,0
0.84777,0.146727107,ICHORS_copy2_REV,0
0.84777,0.146727107,DHBD_FWD,0
0.84777,0.146727107,DHBD_REV,0
0.84777,0.146727107,RBP4E_FWD,0
0.84777,0.146727107,RBP4E_REV,0
0.84777,0.146727107,HACD6_FWD,0
0.84777,0.146727107,HACD6_REV,0
0.84777,0.146727107,ECOAH1_FWD,0
0.84777,0.146727107,ECOAH1_REV,0
0.84777,0.146727107,ECOAH2_FWD,0
0.84777,0.146727107,ECOAH2_REV,0
0.84777,0.146727107,AGPR_FWD,0
0.84777,0.146727107,AGPR_REV,1
0.84777,0.146727107,G1SAT_FWD,1
0.84777,0.146727107,G1SAT_REV,0
0.84777,0.146727107,ECOAH3_FWD,0
0.84777,0.146727107,ECOAH3_REV,0
0.84777,0.146727107,UGLT_FWD,0
0.84777,0.146727107,UGLT_REV,0
0.84777,0.146727107,GUI1_FWD,0
0.84777,0.146727107,GUI1_REV,0
0.84777,0.146727107,PGAMT_FWD,0
0.84777,0.146727107,PGAMT_REV,1
0.84777,0.146727107,XYLI2_FWD,0
0.84777,0.146727107,XYLI2_REV,1
0.84777,0.146727107,PMANM_FWD,0
0.84777,0.146727107,PMANM_REV,0
0.84777,0.146727107,GLUR_FWD,0
0.84777,0.146727107,GLUR_REV,1
0.84777,0.146727107,UAG2E_FWD,0
0.84777,0.146727107,UAG2E_REV,0
0.84777,0.146727107,UDPG4E_FWD,0
0.84777,0.146727107,UDPG4E_REV,0
0.84777,0.146727107,XYLI1_FWD,0
0.84777,0.146727107,XYLI1_REV,0
0.84777,0.146727107,HACD4_FWD,0
0.84777,0.146727107,HACD4_REV,0
0.84777,0.146727107,HACD5_FWD,0
0.84777,0.146727107,HACD5_REV,0
0.84777,0.146727107,HACD7_FWD,0
0.84777,0.146727107,HACD7_REV,0
0.84777,0.146727107,GHMT2r_FWD,0
0.84777,0.146727107,GHMT2r_REV,1
0.84777,0.146727107,LCARS_FWD,1
0.84777,0.146727107,LCARS_REV,0
0.84777,0.146727107,ALCD19_FWD,1
0.84777,0.146727107,ALCD19_REV,0
0.84777,0.146727107,RMPA_FWD,0
0.84777,0.146727107,RMPA_REV,0
0.84777,0.146727107,SBTPD_FWD,0
0.84777,0.146727107,SBTPD_REV,0
0.84777,0.146727107,GLTPD_FWD,0
0.84777,0.146727107,GLTPD_REV,0
0.84777,0.146727107,EX_hdcea_e_FWD,0
0.84777,0.146727107,EX_hdcea_e_REV,0
0.84777,0.146727107,TGBPA_FWD,0
0.84777,0.146727107,TGBPA_REV,0
0.84777,0.146727107,MANAO_FWD,0
0.84777,0.146727107,MANAO_REV,0
0.84777,0.146727107,TAGURr_FWD,0
0.84777,0.146727107,TAGURr_REV,0
0.84777,0.146727107,UMPK_FWD,1
0.84777,0.146727107,UMPK_REV,0
0.84777,0.146727107,DDPGALA_FWD,0
0.84777,0.146727107,DDPGALA_REV,0
0.84777,0.146727107,NDPK7_FWD,1
0.84777,0.146727107,NDPK7_REV,0
0.84777,0.146727107,GLYAT_FWD,0
0.84777,0.146727107,GLYAT_REV,0
0.84777,0.146727107,EX_ttdcea_e_FWD,0
0.84777,0.146727107,EX_ttdcea_e_REV,0
0.84777,0.146727107,F6PA_FWD,1
0.84777,0.146727107,F6PA_REV,0
0.84777,0.146727107,CRNBTCT_FWD,0
0.84777,0.146727107,CRNBTCT_REV,0
0.84777,0.146727107,CRNCBCT_FWD,0
0.84777,0.146727107,CRNCBCT_REV,0
0.84777,0.146727107,CRNCDH_FWD,0
0.84777,0.146727107,CRNCDH_REV,0
0.84777,0.146727107,IDOND_FWD,0
0.84777,0.146727107,IDOND_REV,0
0.84777,0.146727107,ADK1_FWD,1
0.84777,0.146727107,ADK1_REV,0
0.84777,0.146727107,NDPK2_FWD,1
0.84777,0.146727107,NDPK2_REV,0
0.84777,0.146727107,NDPK3_FWD,1
0.84777,0.146727107,NDPK3_REV,0
0.84777,0.146727107,NDPK4_FWD,1
0.84777,0.146727107,NDPK4_REV,0
0.84777,0.146727107,DAPE_FWD,1
0.84777,0.146727107,DAPE_REV,0
0.84777,0.146727107,SDPTA_FWD,0
0.84777,0.146727107,SDPTA_REV,1
0.84777,0.146727107,DGK1_FWD,0
0.84777,0.146727107,DGK1_REV,0
0.84777,0.146727107,DTMPK_FWD,1
0.84777,0.146727107,DTMPK_REV,0
0.84777,0.146727107,NDPK1_FWD,0
0.84777,0.146727107,NDPK1_REV,0
0.84777,0.146727107,PGMT_FWD,0
0.84777,0.146727107,PGMT_REV,0
0.84777,0.146727107,ARAI_FWD,0
0.84777,0.146727107,ARAI_REV,0
0.84777,0.146727107,M1PD_FWD,0
0.84777,0.146727107,M1PD_REV,0
0.84777,0.146727107,G3PD2_FWD,0
0.84777,0.146727107,G3PD2_REV,1
0.84777,0.146727107,FCI_FWD,0
0.84777,0.146727107,FCI_REV,0
0.84777,0.146727107,FCLPA_FWD,0
0.84777,0.146727107,FCLPA_REV,0
0.84777,0.146727107,EX_ttdca_e_FWD,0
0.84777,0.146727107,EX_ttdca_e_REV,0
0.84777,0.146727107,PRPPS_FWD,1
0.84777,0.146727107,PRPPS_REV,0
0.84777,0.146727107,PRMICI_FWD,1
0.84777,0.146727107,PRMICI_REV,0
0.84777,0.146727107,SERAT_FWD,1
0.84777,0.146727107,SERAT_REV,0
0.84777,0.146727107,ASPK_FWD,1
0.84777,0.146727107,ASPK_REV,0
0.84777,0.146727107,ASAD_FWD,0
0.84777,0.146727107,ASAD_REV,1
0.84777,0.146727107,OCBT_FWD,1
0.84777,0.146727107,OCBT_REV,0
0.84777,0.146727107,GARFT_FWD,0
0.84777,0.146727107,GARFT_REV,0
0.84777,0.146727107,PHETA1_FWD,0
0.84777,0.146727107,PHETA1_REV,1
0.84777,0.146727107,MCITL2_FWD,0
0.84777,0.146727107,MCITL2_REV,0
0.84777,0.146727107,ACOTA_FWD,0
0.84777,0.146727107,ACOTA_REV,1
0.84777,0.146727107,CBMKr_FWD,0
0.84777,0.146727107,CBMKr_REV,0
0.84777,0.146727107,PRAGSr_FWD,1
0.84777,0.146727107,PRAGSr_REV,0
0.84777,0.146727107,AMANAPEr_FWD,0
0.84777,0.146727107,AMANAPEr_REV,0
0.84777,0.146727107,NNATr_FWD,1
0.84777,0.146727107,NNATr_REV,0
0.84777,0.146727107,GAPD_FWD,1
0.84777,0.146727107,GAPD_REV,0
0.84777,0.146727107,PPM2_FWD,1
0.84777,0.146727107,PPM2_REV,0
0.84777,0.146727107,G6PDH2r_FWD,1
0.84777,0.146727107,G6PDH2r_REV,0
0.84777,0.146727107,ARGSL_FWD,1
0.84777,0.146727107,ARGSL_REV,0
0.84777,0.146727107,EX_but_e_FWD,0
0.84777,0.146727107,EX_but_e_REV,0
0.84777,0.146727107,MLTP3_FWD,0
0.84777,0.146727107,MLTP3_REV,0
0.84777,0.146727107,SERASr_FWD,0
0.84777,0.146727107,SERASr_REV,0
0.84777,0.146727107,FBA3_FWD,1
0.84777,0.146727107,FBA3_REV,0
0.84777,0.146727107,ACACT7r_FWD,0
0.84777,0.146727107,ACACT7r_REV,0
0.84777,0.146727107,ADK3_FWD,0
0.84777,0.146727107,ADK3_REV,1
0.84777,0.146727107,ACACT2r_FWD,0
0.84777,0.146727107,ACACT2r_REV,0
0.84777,0.146727107,ACACT4r_FWD,0
0.84777,0.146727107,ACACT4r_REV,0
0.84777,0.146727107,HSDy_FWD,0
0.84777,0.146727107,HSDy_REV,1
0.84777,0.146727107,AHGDx_FWD,0
0.84777,0.146727107,AHGDx_REV,1
0.84777,0.146727107,MLTP2_FWD,0
0.84777,0.146727107,MLTP2_REV,0
0.84777,0.146727107,EX_dca_e_FWD,0
0.84777,0.146727107,EX_dca_e_REV,0
0.84777,0.146727107,TKT2_FWD,1
0.84777,0.146727107,TKT2_REV,0
0.84777,0.146727107,CYTK1_FWD,1
0.84777,0.146727107,CYTK1_REV,0
0.84777,0.146727107,CYTK2_FWD,1
0.84777,0.146727107,CYTK2_REV,0
0.84777,0.146727107,ECOAH8_FWD,0
0.84777,0.146727107,ECOAH8_REV,0
0.84777,0.146727107,GK1_FWD,1
0.84777,0.146727107,GK1_REV,0
0.84777,0.146727107,HACD1_FWD,0
0.84777,0.146727107,HACD1_REV,0
0.84777,0.146727107,EX_ppa_e_FWD,0
0.84777,0.146727107,EX_ppa_e_REV,0
0.84777,0.146727107,HACD2_FWD,0
0.84777,0.146727107,HACD2_REV,0
0.84777,0.146727107,ECOAH5_FWD,0
0.84777,0.146727107,ECOAH5_REV,0
0.84777,0.146727107,EX_fe3dcit_e_FWD,0
0.84777,0.146727107,EX_fe3dcit_e_REV,0
0.84777,0.146727107,EX_fe3hox_e_FWD,0
0.84777,0.146727107,EX_fe3hox_e_REV,0
0.84777,0.146727107,MALTATr_FWD,0
0.84777,0.146727107,MALTATr_REV,0
0.84777,0.146727107,TRSARr_FWD,1
0.84777,0.146727107,TRSARr_REV,0
0.84777,0.146727107,MTHFC_FWD,0
0.84777,0.146727107,MTHFC_REV,1
0.84777,0.146727107,MTHFD_FWD,0
0.84777,0.146727107,MTHFD_REV,1
0.84777,0.146727107,ALAGLUE_FWD,0
0.84777,0.146727107,ALAGLUE_REV,0
0.84777,0.146727107,ACACT6r_FWD,0
0.84777,0.146727107,ACACT6r_REV,0
0.84777,0.146727107,GGGABADr_FWD,1
0.84777,0.146727107,GGGABADr_REV,0
0.84777,0.146727107,EX_butso3_e_FWD,0
0.84777,0.146727107,EX_butso3_e_REV,0
0.84777,0.146727107,ARABDI_FWD,0
0.84777,0.146727107,ARABDI_REV,0
0.84777,0.146727107,EX_fe3hox_un_e_FWD,0
0.84777,0.146727107,EX_fe3hox_un_e_REV,0
0.84777,0.146727107,EX_chtbs_e_FWD,0
0.84777,0.146727107,EX_chtbs_e_REV,0
0.84777,0.146727107,ALLPI_FWD,0
0.84777,0.146727107,ALLPI_REV,0
0.84777,0.146727107,ALLULPE_FWD,0
0.84777,0.146727107,ALLULPE_REV,0
0.84777,0.146727107,EX_hacolipa_e_FWD,0
0.84777,0.146727107,EX_hacolipa_e_REV,0
0.84777,0.146727107,FALDH2_FWD,0
0.84777,0.146727107,FALDH2_REV,0
0.84777,0.146727107,DHPTPE_FWD,0
0.84777,0.146727107,DHPTPE_REV,0
0.84777,0.146727107,FALGTHLs_FWD,0
0.84777,0.146727107,FALGTHLs_REV,0
0.84777,0.146727107,FHL_FWD,0
0.84777,0.146727107,FHL_REV,0
0.84777,0.146727107,GLUDy_FWD,0
0.84777,0.146727107,GLUDy_REV,1
0.84777,0.146727107,CRNCAR_FWD,0
0.84777,0.146727107,CRNCAR_REV,0
0.84777,0.146727107,DHFR_FWD,1
0.84777,0.146727107,DHFR_REV,0
0.84777,0.146727107,HACD3_FWD,0
0.84777,0.146727107,HACD3_REV,0
0.84777,0.146727107,TYRTA_FWD,0
0.84777,0.146727107,TYRTA_REV,1
0.84777,0.146727107,E4PD_FWD,1
0.84777,0.146727107,E4PD_REV,0
0.84777,0.146727107,DADK_FWD,1
0.84777,0.146727107,DADK_REV,0
0.84777,0.146727107,EX_ddca_e_FWD,0
0.84777,0.146727107,EX_ddca_e_REV,0
0.84777,0.146727107,PUNP4_FWD,0
0.84777,0.146727107,PUNP4_REV,0
0.84777,0.146727107,AMAOTr_FWD,1
0.84777,0.146727107,AMAOTr_REV,0
0.84777,0.146727107,ACACT1r_FWD,0
0.84777,0.146727107,ACACT1r_REV,0
0.84777,0.146727107,UDPKAAT_FWD,0
0.84777,0.146727107,UDPKAAT_REV,0
0.84777,0.146727107,GLCATr_FWD,0
0.84777,0.146727107,GLCATr_REV,0
0.84777,0.146727107,MLTP1_FWD,0
0.84777,0.146727107,MLTP1_REV,0
0.84777,0.146727107,ALAALAr_FWD,1
0.84777,0.146727107,ALAALAr_REV,0
0.84777,0.146727107,EX_14glucan_e_FWD,0
0.84777,0.146727107,EX_14glucan_e_REV,0
0.84777,0.146727107,EX_feoxam_un_e_FWD,0
0.84777,0.146727107,EX_feoxam_un_e_REV,0
0.84777,0.146727107,SUCOAS_FWD,0
0.84777,0.146727107,SUCOAS_REV,1
0.84777,0.146727107,GALKr_FWD,0
0.84777,0.146727107,GALKr_REV,0
0.84777,0.146727107,DURADx_FWD,0
0.84777,0.146727107,DURADx_REV,0
0.84777,0.146727107,ECOAH7_FWD,0
0.84777,0.146727107,ECOAH7_REV,0
0.84777,0.146727107,LDH_D_FWD,0
0.84777,0.146727107,LDH_D_REV,1
0.84777,0.146727107,IPDDI_FWD,0
0.84777,0.146727107,IPDDI_REV,0
0.84777,0.146727107,T2DECAI_FWD,1
0.84777,0.146727107,T2DECAI_REV,0
0.84777,0.146727107,ADSL1r_FWD,1
0.84777,0.146727107,ADSL1r_REV,0
0.84777,0.146727107,AICART_FWD,1
0.84777,0.146727107,AICART_REV,0
0.84777,0.146727107,CLPNS160pp_FWD,1
0.84777,0.146727107,CLPNS160pp_REV,0
0.84777,0.146727107,CLPNS161pp_FWD,0
0.84777,0.146727107,CLPNS161pp_REV,0
0.84777,0.146727107,HPYRI_FWD,0
0.84777,0.146727107,HPYRI_REV,1
0.84777,0.146727107,GUI2_FWD,0
0.84777,0.146727107,GUI2_REV,0
0.84777,0.146727107,PGM_FWD,0
0.84777,0.146727107,PGM_REV,1
0.84777,0.146727107,TPI_FWD,1
0.84777,0.146727107,TPI_REV,0
0.84777,0.146727107,RPI_FWD,0
0.84777,0.146727107,RPI_REV,1
0.84777,0.146727107,PERD_FWD,1
0.84777,0.146727107,PERD_REV,0
0.84777,0.146727107,ACONIs_FWD,0
0.84777,0.146727107,ACONIs_REV,0
0.84777,0.146727107,ACONTb_FWD,1
0.84777,0.146727107,ACONTb_REV,0
0.84777,0.146727107,MICITDr_FWD,0
0.84777,0.146727107,MICITDr_REV,0
0.84777,0.146727107,ACONTa_FWD,1
0.84777,0.146727107,ACONTa_REV,0
0.84777,0.146727107,CLPNS140pp_FWD,1
0.84777,0.146727107,CLPNS140pp_REV,0
0.84777,0.146727107,ATHRDHr_FWD,0
0.84777,0.146727107,ATHRDHr_REV,0
0.84777,0.146727107,LSERDHr_FWD,0
0.84777,0.146727107,LSERDHr_REV,0
0.84777,0.146727107,DSERDHr_FWD,0
0.84777,0.146727107,DSERDHr_REV,0
0.84777,0.146727107,EX_cpgn_un_e_FWD,0
0.84777,0.146727107,EX_cpgn_un_e_REV,0
0.84777,0.146727107,EX_arbtn_e_FWD,0
0.84777,0.146727107,EX_arbtn_e_REV,0
0.84777,0.146727107,ACOAD7f_FWD,0
0.84777,0.146727107,ACOAD7f_REV,1
0.84777,0.146727107,ACOAD8f_FWD,0
0.84777,0.146727107,ACOAD8f_REV,0
0.84777,0.146727107,ACOAD5f_FWD,0
0.84777,0.146727107,ACOAD5f_REV,0
0.84777,0.146727107,ACOAD3f_FWD,0
0.84777,0.146727107,ACOAD3f_REV,0
0.84777,0.146727107,ACOAD6f_FWD,0
0.84777,0.146727107,ACOAD6f_REV,1
0.84777,0.146727107,FRULYSE_FWD,0
0.84777,0.146727107,FRULYSE_REV,0
0.84777,0.146727107,EX_LalaDgluMdap_e_FWD,0
0.84777,0.146727107,EX_LalaDgluMdap_e_REV,0
0.84777,0.146727107,EX_anhgm_e_FWD,0
0.84777,0.146727107,EX_anhgm_e_REV,0
0.84777,0.146727107,HACD8_FWD,0
0.84777,0.146727107,HACD8_REV,0
0.84777,0.146727107,ACACT8r_FWD,0
0.84777,0.146727107,ACACT8r_REV,0
0.84777,0.146727107,DHACOAH_FWD,0
0.84777,0.146727107,DHACOAH_REV,0
0.84777,0.146727107,ALDD19xr_FWD,0
0.84777,0.146727107,ALDD19xr_REV,0
0.84777,0.146727107,VPAMTr_FWD,1
0.84777,0.146727107,VPAMTr_REV,0
0.84777,0.146727107,13PPDH2_FWD,0
0.84777,0.146727107,13PPDH2_REV,0
0.84777,0.146727107,GHBDHx_FWD,0
0.84777,0.146727107,GHBDHx_REV,0
0.84777,0.146727107,APPLDHr_FWD,0
0.84777,0.146727107,APPLDHr_REV,0
0.84777,0.146727107,DHNPA2r_FWD,1
0.84777,0.146727107,DHNPA2r_REV,0
0.84777,0.146727107,ACOXT_FWD,0
0.84777,0.146727107,ACOXT_REV,0
0.84777,0.146727107,PCNO_FWD,0
0.84777,0.146727107,PCNO_REV,0
0.84777,0.146727107,5DKGR_FWD,0
0.84777,0.146727107,5DKGR_REV,0
0.84777,0.146727107,4HTHRA_FWD,0
0.84777,0.146727107,4HTHRA_REV,0
0.84777,0.146727107,INOSTO_FWD,0
0.84777,0.146727107,INOSTO_REV,0
0.84777,0.146727107,FORCT_FWD,0
0.84777,0.146727107,FORCT_REV,0
0.84777,0.146727107,HADPCOADH3_FWD,0
0.84777,0.146727107,HADPCOADH3_REV,0
