max_growth,k_val,rxns,Z
0.8966,0.009247487423802804,CYTDK2,1.0
0.8966,0.009247487423802804,XPPT,1.0
0.8966,0.009247487423802804,HXPRT,1.0
0.8966,0.009247487423802804,OMPDC,1.0
0.8966,0.009247487423802804,G5SD,1.0
0.8966,0.009247487423802804,CS,1.0
0.8966,0.009247487423802804,ALATA_L2,0.0
0.8966,0.009247487423802804,PTRCTA,0.0
0.8966,0.009247487423802804,ACS,1.0
0.8966,0.009247487423802804,CYSDS,1.0
0.8966,0.009247487423802804,PPA,1.0
0.8966,0.009247487423802804,APRAUR,1.0
0.8966,0.009247487423802804,PPCK,1.0
0.8966,0.009247487423802804,ME1,1.0
0.8966,0.009247487423802804,DB4PS,1.0
0.8966,0.009247487423802804,RBFK,1.0
0.8966,0.009247487423802804,XYLK,0
0.8966,0.009247487423802804,RBK,1.0
0.8966,0.009247487423802804,GLYK,1.0
0.8966,0.009247487423802804,ACP1_FMN,1.0
0.8966,0.009247487423802804,RBFSb,1.0
0.8966,0.009247487423802804,NDP3,1.0
0.8966,0.009247487423802804,CDPPH,1.0
0.8966,0.009247487423802804,NDP7,1.0
0.8966,0.009247487423802804,FBP,1.0
0.8966,0.009247487423802804,GLGC,1.0
0.8966,0.009247487423802804,ALATA_D2,0.0
0.8966,0.009247487423802804,PYK,0.0
0.8966,0.009247487423802804,PMDPHT,1.0
0.8966,0.009247487423802804,CPPPGO,1.0
0.8966,0.009247487423802804,DHORD5,1.0
0.8966,0.009247487423802804,GLYCTO2,1.0
0.8966,0.009247487423802804,GLYCTO3,0.0
0.8966,0.009247487423802804,GLYCTO4,1.0
0.8966,0.009247487423802804,RBFSa,1.0
0.8966,0.009247487423802804,ACHBS,1.0
0.8966,0.009247487423802804,PFK_3,1.0
0.8966,0.009247487423802804,DHAD2,1.0
0.8966,0.009247487423802804,ACLS,1.0
0.8966,0.009247487423802804,TRPS2,1.0
0.8966,0.009247487423802804,G3PD5,1.0
0.8966,0.009247487423802804,G1PP,1.0
0.8966,0.009247487423802804,PFL,1.0
0.8966,0.009247487423802804,ANS,1.0
0.8966,0.009247487423802804,FRD2,1.0
0.8966,0.009247487423802804,FRD3,1.0
0.8966,0.009247487423802804,ANPRT,1.0
0.8966,0.009247487423802804,POX,1.0
0.8966,0.009247487423802804,CHORM,1.0
0.8966,0.009247487423802804,CHORS,1.0
0.8966,0.009247487423802804,IGPS,1.0
0.8966,0.009247487423802804,LEUTAi,1.0
0.8966,0.009247487423802804,DMATT,1.0
0.8966,0.009247487423802804,GRTT,1.0
0.8966,0.009247487423802804,UPP3S,1.0
0.8966,0.009247487423802804,UPPDC1,1.0
0.8966,0.009247487423802804,MOAT,1.0
0.8966,0.009247487423802804,UDCPDPS,1.0
0.8966,0.009247487423802804,USHD,1.0
0.8966,0.009247487423802804,MGSA,1.0
0.8966,0.009247487423802804,IMPD,1.0
0.8966,0.009247487423802804,PPS,1.0
0.8966,0.009247487423802804,LPADSS,1.0
0.8966,0.009247487423802804,TDSK,1.0
0.8966,0.009247487423802804,TMPPP,1.0
0.8966,0.009247487423802804,EDA,0.0
0.8966,0.009247487423802804,NTPP1,1.0
0.8966,0.009247487423802804,URIK1,1.0
0.8966,0.009247487423802804,URIK2,1.0
0.8966,0.009247487423802804,NTPP2,1.0
0.8966,0.009247487423802804,PGL,1.0
0.8966,0.009247487423802804,NTPTP1,0.0
0.8966,0.009247487423802804,NTPTP2,0.0
0.8966,0.009247487423802804,CYTDK1,1.0
0.8966,0.009247487423802804,DHQTi,1.0
0.8966,0.009247487423802804,IPMD,1.0
0.8966,0.009247487423802804,G6PDA,1.0
0.8966,0.009247487423802804,RNDR1,1.0
0.8966,0.009247487423802804,RNDR3,1.0
0.8966,0.009247487423802804,RNDR4,1.0
0.8966,0.009247487423802804,ALDD2y,1.0
0.8966,0.009247487423802804,TMDS,1.0
0.8966,0.009247487423802804,TMDK1,1.0
0.8966,0.009247487423802804,PPCDC,1.0
0.8966,0.009247487423802804,FTHFD,1.0
0.8966,0.009247487423802804,DHAD1,1.0
0.8966,0.009247487423802804,G3PD7,1.0
0.8966,0.009247487423802804,EDD,0
0.8966,0.009247487423802804,NADH9,1.0
0.8966,0.009247487423802804,NADH10,1.0
0.8966,0.009247487423802804,INSK,1.0
0.8966,0.009247487423802804,ABTA,0.0
0.8966,0.009247487423802804,FMNAT,1.0
0.8966,0.009247487423802804,PYDXNK,1.0
0.8966,0.009247487423802804,PYAM5PO,0
0.8966,0.009247487423802804,SSALx,0
0.8966,0.009247487423802804,ASPT,1.0
0.8966,0.009247487423802804,SERD_L,1.0
0.8966,0.009247487423802804,NADDP,1.0
0.8966,0.009247487423802804,THRD,0.0
0.8966,0.009247487423802804,HEX4,1.0
0.8966,0.009247487423802804,NMNAT,1.0
0.8966,0.009247487423802804,HMPK1,0
0.8966,0.009247487423802804,ACCOAC,1.0
0.8966,0.009247487423802804,NADK,1.0
0.8966,0.009247487423802804,GLXCL,1.0
0.8966,0.009247487423802804,SUCBZS,0
0.8966,0.009247487423802804,ICHORT,0
0.8966,0.009247487423802804,RBK_L1,0
0.8966,0.009247487423802804,TARTD,0
0.8966,0.009247487423802804,NTD2,1.0
0.8966,0.009247487423802804,GLCRAL,0.0
0.8966,0.009247487423802804,NTD4,1.0
0.8966,0.009247487423802804,NTD5,1.0
0.8966,0.009247487423802804,HEMEOS,0
0.8966,0.009247487423802804,ADMDC,1.0
0.8966,0.009247487423802804,AGMT,1.0
0.8966,0.009247487423802804,NTD6,1.0
0.8966,0.009247487423802804,LGTHL,0.0
0.8966,0.009247487423802804,PYDXPP,1.0
0.8966,0.009247487423802804,PDXPP,1.0
0.8966,0.009247487423802804,ARGDC,1.0
0.8966,0.009247487423802804,ARGSS,1.0
0.8966,0.009247487423802804,SPMS,1.0
0.8966,0.009247487423802804,DXPS,1.0
0.8966,0.009247487423802804,OAADC,1.0
0.8966,0.009247487423802804,MNNH,0
0.8966,0.009247487423802804,CDPMEK,1.0
0.8966,0.009247487423802804,ALTRH,0
0.8966,0.009247487423802804,DDGLK,0
0.8966,0.009247487423802804,ICL,1.0
0.8966,0.009247487423802804,UAGDP,1.0
0.8966,0.009247487423802804,UAGCVT,1.0
0.8966,0.009247487423802804,GLYCL,1.0
0.8966,0.009247487423802804,CMPN,1.0
0.8966,0.009247487423802804,NNDPR,1.0
0.8966,0.009247487423802804,HCYSMT,1.0
0.8966,0.009247487423802804,DMQMT,0
0.8966,0.009247487423802804,LACZ,0
0.8966,0.009247487423802804,TRE6PH,1.0
0.8966,0.009247487423802804,PPC,1.0
0.8966,0.009247487423802804,ICHORS_copy1,0
0.8966,0.009247487423802804,G3PT,1.0
0.8966,0.009247487423802804,CINNDO,0
0.8966,0.009247487423802804,DHPPD,0
0.8966,0.009247487423802804,DHCIND,0
0.8966,0.009247487423802804,CITL,1.0
0.8966,0.009247487423802804,GOFUCR,0
0.8966,0.009247487423802804,PYDXK,1.0
0.8966,0.009247487423802804,DNMPPA,1.0
0.8966,0.009247487423802804,HPPK2,1.0
0.8966,0.009247487423802804,PTPATi,1.0
0.8966,0.009247487423802804,HEX7,1.0
0.8966,0.009247487423802804,DXPRIi,1.0
0.8966,0.009247487423802804,GTPCII2,1.0
0.8966,0.009247487423802804,URIC,1.0
0.8966,0.009247487423802804,SADT2,1.0
0.8966,0.009247487423802804,OPHBDC,1.0
0.8966,0.009247487423802804,OHPHM,0
0.8966,0.009247487423802804,DHORD2,1.0
0.8966,0.009247487423802804,PFK_2,0
0.8966,0.009247487423802804,ACACCT,0
0.8966,0.009247487423802804,SDPDS,1.0
0.8966,0.009247487423802804,DMSOR1,0
0.8966,0.009247487423802804,PGLYCP,0
0.8966,0.009247487423802804,DKGLCNR2y,0
0.8966,0.009247487423802804,G1PTT,0.0
0.8966,0.009247487423802804,TDPGDH,0
0.8966,0.009247487423802804,ADCS,1.0
0.8966,0.009247487423802804,ADCL,1.0
0.8966,0.009247487423802804,DHAPT,1.0
0.8966,0.009247487423802804,UDPGALM,0
0.8966,0.009247487423802804,TDPDRE,0
0.8966,0.009247487423802804,TDPDRR,0
0.8966,0.009247487423802804,RZ5PP,0
0.8966,0.009247487423802804,DURIK1,1.0
0.8966,0.009247487423802804,G3PD6,0.0
0.8966,0.009247487423802804,ALLTN,1.0
0.8966,0.009247487423802804,UAPGR,1.0
0.8966,0.009247487423802804,UPPRT,1.0
0.8966,0.009247487423802804,NTD9,1.0
0.8966,0.009247487423802804,CTPS2,1.0
0.8966,0.009247487423802804,NTD1,1.0
0.8966,0.009247487423802804,NTD7,1.0
0.8966,0.009247487423802804,PAPPT3,1.0
0.8966,0.009247487423802804,UAGPT3,1.0
0.8966,0.009247487423802804,AOBUTDs,0
0.8966,0.009247487423802804,ADNUC,1.0
0.8966,0.009247487423802804,GMHEPPA,0
0.8966,0.009247487423802804,S7PI,0.0
0.8966,0.009247487423802804,TRPS3,1.0
0.8966,0.009247487423802804,AGMHE,0
0.8966,0.009247487423802804,NTD10,1.0
0.8966,0.009247487423802804,GMHEPAT,0
0.8966,0.009247487423802804,ADPT,1.0
0.8966,0.009247487423802804,IDOND2,1.0
0.8966,0.009247487423802804,FADRx,1.0
0.8966,0.009247487423802804,GTPDPK,1.0
0.8966,0.009247487423802804,NADN,1.0
0.8966,0.009247487423802804,GLYCLTDx,1.0
0.8966,0.009247487423802804,HPYRRy,1.0
0.8966,0.009247487423802804,ACODA,1.0
0.8966,0.009247487423802804,ADA,1.0
0.8966,0.009247487423802804,DADA,1.0
0.8966,0.009247487423802804,ADD,1.0
0.8966,0.009247487423802804,HBZOPT,1.0
0.8966,0.009247487423802804,PNTK,1.0
0.8966,0.009247487423802804,ADSS,1.0
0.8966,0.009247487423802804,AGDC,1.0
0.8966,0.009247487423802804,OCTDPS,1.0
0.8966,0.009247487423802804,ASNN,1.0
0.8966,0.009247487423802804,DPCOAK,1.0
0.8966,0.009247487423802804,HETZK,0
0.8966,0.009247487423802804,ASNS2,1.0
0.8966,0.009247487423802804,ASPCT,1.0
0.8966,0.009247487423802804,KDOPS,1.0
0.8966,0.009247487423802804,KDOPP,1.0
0.8966,0.009247487423802804,DMPPS,1.0
0.8966,0.009247487423802804,IPDPS,1.0
0.8966,0.009247487423802804,AST,0
0.8966,0.009247487423802804,SGDS,0
0.8966,0.009247487423802804,CYNTAH,0
0.8966,0.009247487423802804,DHDPRy,1.0
0.8966,0.009247487423802804,HSK,1.0
0.8966,0.009247487423802804,GSPMDA,1.0
0.8966,0.009247487423802804,GSPMDS,1.0
0.8966,0.009247487423802804,GUAD,0.0
0.8966,0.009247487423802804,THRS,1.0
0.8966,0.009247487423802804,HSST,1.0
0.8966,0.009247487423802804,PPNDH,1.0
0.8966,0.009247487423802804,TMAOR1,0
0.8966,0.009247487423802804,TMAOR2,0
0.8966,0.009247487423802804,TRDR,1.0
0.8966,0.009247487423802804,DDPA,1.0
0.8966,0.009247487423802804,NMNDA,1.0
0.8966,0.009247487423802804,NNAM,1.0
0.8966,0.009247487423802804,P5CD,1.0
0.8966,0.009247487423802804,FRUK,0
0.8966,0.009247487423802804,SPMDAT1,0
0.8966,0.009247487423802804,RHCCE,1.0
0.8966,0.009247487423802804,KG6PDC,0
0.8966,0.009247487423802804,SPMDAT2,0
0.8966,0.009247487423802804,TDPADGAT,0
0.8966,0.009247487423802804,MALS,1.0
0.8966,0.009247487423802804,X5PL3E,0.0
0.8966,0.009247487423802804,DOGULNR,0
0.8966,0.009247487423802804,TRE6PP,1.0
0.8966,0.009247487423802804,BETALDHx,0
0.8966,0.009247487423802804,BETALDHy,0
0.8966,0.009247487423802804,MLTG3,0
0.8966,0.009247487423802804,ADPRDP,1.0
0.8966,0.009247487423802804,NADTRHD,1.0
0.8966,0.009247487423802804,FMNRx2,1.0
0.8966,0.009247487423802804,GALS3,0
0.8966,0.009247487423802804,FCLK,0
0.8966,0.009247487423802804,GMPS2,1.0
0.8966,0.009247487423802804,AMPN,1.0
0.8966,0.009247487423802804,GSNK,1.0
0.8966,0.009247487423802804,GALUi,1.0
0.8966,0.009247487423802804,UAAGDS,1.0
0.8966,0.009247487423802804,UAMAS,1.0
0.8966,0.009247487423802804,UAMAGS,1.0
0.8966,0.009247487423802804,UGLYCH,1.0
0.8966,0.009247487423802804,NTPP3,1.0
0.8966,0.009247487423802804,NTPP6,1.0
0.8966,0.009247487423802804,NTPP7,1.0
0.8966,0.009247487423802804,OP4ENH,0
0.8966,0.009247487423802804,HOPNTAL,0
0.8966,0.009247487423802804,NTPP8,1.0
0.8966,0.009247487423802804,P5CR,1.0
0.8966,0.009247487423802804,3HPPPNH,0
0.8966,0.009247487423802804,G5SADs,1.0
0.8966,0.009247487423802804,GMAND,0
0.8966,0.009247487423802804,CYTD,1.0
0.8966,0.009247487423802804,AKGDH,1.0
0.8966,0.009247487423802804,HPYRRx,1.0
0.8966,0.009247487423802804,GLYCDx,0.0
0.8966,0.009247487423802804,ASP1DC,1.0
0.8966,0.009247487423802804,UGMDDS,1.0
0.8966,0.009247487423802804,DCYTD,1.0
0.8966,0.009247487423802804,DBTS,1.0
0.8966,0.009247487423802804,DCTPD,1.0
0.8966,0.009247487423802804,UHGADA,1.0
0.8966,0.009247487423802804,AMANK,0
0.8966,0.009247487423802804,HISTD,1.0
0.8966,0.009247487423802804,DHDPS,1.0
0.8966,0.009247487423802804,G1PACT,1.0
0.8966,0.009247487423802804,GART,0.0
0.8966,0.009247487423802804,CSND,1.0
0.8966,0.009247487423802804,GF6PTA,1.0
0.8966,0.009247487423802804,IGPDH,1.0
0.8966,0.009247487423802804,H2SO,1.0
0.8966,0.009247487423802804,GLUCYS,1.0
0.8966,0.009247487423802804,PRATPP,1.0
0.8966,0.009247487423802804,GLUN,1.0
0.8966,0.009247487423802804,GLUPRT,1.0
0.8966,0.009247487423802804,GMPR,0.0
0.8966,0.009247487423802804,CYSS,1.0
0.8966,0.009247487423802804,NADS1,1.0
0.8966,0.009247487423802804,BPNT,1.0
0.8966,0.009247487423802804,PAPSR,1.0
0.8966,0.009247487423802804,DAPDC,1.0
0.8966,0.009247487423802804,NTRIR2x,0
0.8966,0.009247487423802804,GPDDA1,0
0.8966,0.009247487423802804,GPDDA2,1.0
0.8966,0.009247487423802804,PPND,1.0
0.8966,0.009247487423802804,METAT,1.0
0.8966,0.009247487423802804,ASCBPL,0
0.8966,0.009247487423802804,ACBIPGT,0.0
0.8966,0.009247487423802804,TRPS1,1.0
0.8966,0.009247487423802804,PRAMPC,1.0
0.8966,0.009247487423802804,ADOCBLS,0
0.8966,0.009247487423802804,ADOCBIK,0.0
0.8966,0.009247487423802804,TMPK,1.0
0.8966,0.009247487423802804,HPPPNDO,0
0.8966,0.009247487423802804,DXYLK,0
0.8966,0.009247487423802804,MDH3,1.0
0.8966,0.009247487423802804,SOTA,0.0
0.8966,0.009247487423802804,DHCINDO,0
0.8966,0.009247487423802804,SGSAD,0
0.8966,0.009247487423802804,HKNDDH,0
0.8966,0.009247487423802804,HKNTDH,0
0.8966,0.009247487423802804,GLYCK2,1.0
0.8966,0.009247487423802804,PTA2,0.0
0.8966,0.009247487423802804,MDH2,1.0
0.8966,0.009247487423802804,GPDDA5,0
0.8966,0.009247487423802804,PDX5PS,1.0
0.8966,0.009247487423802804,PPBNGS,1.0
0.8966,0.009247487423802804,ENTCS,0
0.8966,0.009247487423802804,SULR,1.0
0.8966,0.009247487423802804,MANPGH,0
0.8966,0.009247487423802804,URDGLYCD,1.0
0.8966,0.009247487423802804,PPNCL2,1.0
0.8966,0.009247487423802804,PRFGS,1.0
0.8966,0.009247487423802804,ACM6PH,1.0
0.8966,0.009247487423802804,CYTDH,1.0
0.8966,0.009247487423802804,ETHAAL,1.0
0.8966,0.009247487423802804,MAN1PT2,0.0
0.8966,0.009247487423802804,PSERT,1.0
0.8966,0.009247487423802804,AP4AH,1.0
0.8966,0.009247487423802804,AP5AH,0
0.8966,0.009247487423802804,ADNCYC,1.0
0.8966,0.009247487423802804,AIRC2,1.0
0.8966,0.009247487423802804,MI1PP,0
0.8966,0.009247487423802804,MCITS,0
0.8966,0.009247487423802804,HEX1,1.0
0.8966,0.009247487423802804,GND,1.0
0.8966,0.009247487423802804,TAUDO,0
0.8966,0.009247487423802804,NTP3,1.0
0.8966,0.009247487423802804,MOAT2,1.0
0.8966,0.009247487423802804,ME2,1.0
0.8966,0.009247487423802804,CBPS,1.0
0.8966,0.009247487423802804,GLU5K,1.0
0.8966,0.009247487423802804,IPPS,1.0
0.8966,0.009247487423802804,NADH5,1.0
0.8966,0.009247487423802804,MOHMT,1.0
0.8966,0.009247487423802804,MLTG2,0
0.8966,0.009247487423802804,MLTG1,0
0.8966,0.009247487423802804,AMALT3,0
0.8966,0.009247487423802804,SPODM,1.0
0.8966,0.009247487423802804,AHCYSNS,1.0
0.8966,0.009247487423802804,ACNML,0
0.8966,0.009247487423802804,TMK,0.0
0.8966,0.009247487423802804,NTPP4,1.0
0.8966,0.009247487423802804,GMPS,1.0
0.8966,0.009247487423802804,CAT,1.0
0.8966,0.009247487423802804,FTHFLi,0.0
0.8966,0.009247487423802804,UDPGD,0
0.8966,0.009247487423802804,GLCRD,0
0.8966,0.009247487423802804,PPPNDO,0
0.8966,0.009247487423802804,CHRPL,1.0
0.8966,0.009247487423802804,TDPAGTA,0
0.8966,0.009247487423802804,UACMAMO,0
0.8966,0.009247487423802804,PMPK,1.0
0.8966,0.009247487423802804,LCADi,1.0
0.8966,0.009247487423802804,PSP_L,1.0
0.8966,0.009247487423802804,GLUDC,1.0
0.8966,0.009247487423802804,BSORy,0
0.8966,0.009247487423802804,DMSOR2,0
0.8966,0.009247487423802804,ADSK,1.0
0.8966,0.009247487423802804,CYSTL,1.0
0.8966,0.009247487423802804,ACMAMUT,0
0.8966,0.009247487423802804,SHSL1,1.0
0.8966,0.009247487423802804,SSALy,0
0.8966,0.009247487423802804,DDGALK,0
0.8966,0.009247487423802804,AB6PGH,0
0.8966,0.009247487423802804,AMALT1,0
0.8966,0.009247487423802804,3HCINNMH,0
0.8966,0.009247487423802804,BSORx,0
0.8966,0.009247487423802804,PACCOAL,1.0
0.8966,0.009247487423802804,GP4GH,0
0.8966,0.009247487423802804,ACGAMT,0.0
0.8966,0.009247487423802804,AADDGT,0
0.8966,0.009247487423802804,SPODMpp,0
0.8966,0.009247487423802804,PHYTSpp,0
0.8966,0.009247487423802804,PPTHpp,0
0.8966,0.009247487423802804,NTP3pp,0
0.8966,0.009247487423802804,GMHEPK,0
0.8966,0.009247487423802804,GTPCI,1.0
0.8966,0.009247487423802804,FDMO,0
0.8966,0.009247487423802804,CHOLD,0
0.8966,0.009247487423802804,TRE6PS,1.0
0.8966,0.009247487423802804,DRPA,1.0
0.8966,0.009247487423802804,UDCPDP,1.0
0.8966,0.009247487423802804,TREH,1.0
0.8966,0.009247487423802804,NTD8pp,0
0.8966,0.009247487423802804,DHFS,1.0
0.8966,0.009247487423802804,TREHpp,0
0.8966,0.009247487423802804,ACGAMK,1.0
0.8966,0.009247487423802804,METS,1.0
0.8966,0.009247487423802804,ASPO3,1.0
0.8966,0.009247487423802804,ASPO5,1.0
0.8966,0.009247487423802804,ASPO4,0.0
0.8966,0.009247487423802804,ASPO6,1.0
0.8966,0.009247487423802804,GLYOX3,1.0
0.8966,0.009247487423802804,FDMO3,0
0.8966,0.009247487423802804,O16GLCT1,0
0.8966,0.009247487423802804,O16AP2pp,0
0.8966,0.009247487423802804,O16AP3pp,0
0.8966,0.009247487423802804,O16A4Lpp,0
0.8966,0.009247487423802804,PRASCSi,1.0
0.8966,0.009247487423802804,DHBSH,0
0.8966,0.009247487423802804,MALDDH,0
0.8966,0.009247487423802804,ENTERES,0
0.8966,0.009247487423802804,DHPS2,1.0
0.8966,0.009247487423802804,LYXI,0.0
0.8966,0.009247487423802804,QULNS,1.0
0.8966,0.009247487423802804,ALKP,1.0
0.8966,0.009247487423802804,L_LACD3,0.0
0.8966,0.009247487423802804,L_LACD2,1.0
0.8966,0.009247487423802804,GGGABAH,1.0
0.8966,0.009247487423802804,FDMO6,0
0.8966,0.009247487423802804,DATPHs,1.0
0.8966,0.009247487423802804,GLCTR1,0
0.8966,0.009247487423802804,ECAP1pp,0
0.8966,0.009247487423802804,UDCPDPpp,0
0.8966,0.009247487423802804,ECAP2pp,0
0.8966,0.009247487423802804,ECA4OALpp,0.0
0.8966,0.009247487423802804,FE3Ri,1.0
0.8966,0.009247487423802804,NODOy,0
0.8966,0.009247487423802804,GALM2pp,0.0
0.8966,0.009247487423802804,GLCTR3,0
0.8966,0.009247487423802804,HEPT4,0
0.8966,0.009247487423802804,NODOx,0
0.8966,0.009247487423802804,NHFRBO,0
0.8966,0.009247487423802804,42A12BOOXpp,0
0.8966,0.009247487423802804,TYROXDApp,0
0.8966,0.009247487423802804,UDPGALPpp,0
0.8966,0.009247487423802804,UACGAMPpp,0
0.8966,0.009247487423802804,UACGALPpp,0
0.8966,0.009247487423802804,UGLCURPpp,0
0.8966,0.009247487423802804,FEROpp,1.0
0.8966,0.009247487423802804,GUR1PPpp,0
0.8966,0.009247487423802804,ACGAL1PPpp,0
0.8966,0.009247487423802804,AM4PCP,1.0
0.8966,0.009247487423802804,ACANTHAT,0
0.8966,0.009247487423802804,TDP,1.0
0.8966,0.009247487423802804,METSOXR1,0
0.8966,0.009247487423802804,METSOXR2,0
0.8966,0.009247487423802804,DAPAL,0
0.8966,0.009247487423802804,AMPTASECG,1.0
0.8966,0.009247487423802804,LACZpp,0
0.8966,0.009247487423802804,GPDDA1pp,0
0.8966,0.009247487423802804,GPDDA5pp,0
0.8966,0.009247487423802804,PTHRpp,0
0.8966,0.009247487423802804,FLVR,1.0
0.8966,0.009247487423802804,FDMO2,0
0.8966,0.009247487423802804,LALGP,1.0
0.8966,0.009247487423802804,R5PPpp,0
0.8966,0.009247487423802804,PSP_Lpp,0
0.8966,0.009247487423802804,TYRPpp,0
0.8966,0.009247487423802804,R1PK,1.0
0.8966,0.009247487423802804,R15BPK,1.0
0.8966,0.009247487423802804,FACOAE160,1.0
0.8966,0.009247487423802804,PPGPPDP,1.0
0.8966,0.009247487423802804,GUACYC,1.0
0.8966,0.009247487423802804,GGPTRCS,1.0
0.8966,0.009247487423802804,23PDE2pp,0
0.8966,0.009247487423802804,23PDE4pp,0
0.8966,0.009247487423802804,23PDE9pp,0
0.8966,0.009247487423802804,ATPHs,1.0
0.8966,0.009247487423802804,SARCOX,0
0.8966,0.009247487423802804,GTPHs,0.0
0.8966,0.009247487423802804,MN6PP,1.0
0.8966,0.009247487423802804,3KGK,0
0.8966,0.009247487423802804,F6PP,1.0
0.8966,0.009247487423802804,GDPMNH,0
0.8966,0.009247487423802804,GDPDPK,1.0
0.8966,0.009247487423802804,ASNNpp,1.0
0.8966,0.009247487423802804,GLUNpp,0
0.8966,0.009247487423802804,NTD12,1.0
0.8966,0.009247487423802804,NTD10pp,0
0.8966,0.009247487423802804,NTD1pp,0
0.8966,0.009247487423802804,NTD2pp,0
0.8966,0.009247487423802804,NTD3pp,0
0.8966,0.009247487423802804,NTD4pp,0
0.8966,0.009247487423802804,NTD5pp,0
0.8966,0.009247487423802804,DNTPPA,1.0
0.8966,0.009247487423802804,NTD6pp,0
0.8966,0.009247487423802804,NTD7pp,0
0.8966,0.009247487423802804,NTD9pp,0
0.8966,0.009247487423802804,PEAMNOpp,0
0.8966,0.009247487423802804,GAL1PPpp,0
0.8966,0.009247487423802804,NTPP9,1.0
0.8966,0.009247487423802804,NTPP10,1.0
0.8966,0.009247487423802804,NTPP11,0
0.8966,0.009247487423802804,ARGDCpp,1.0
0.8966,0.009247487423802804,URIH,1.0
0.8966,0.009247487423802804,ALLK,0
0.8966,0.009247487423802804,NADPHQR2,1.0
0.8966,0.009247487423802804,NADPHQR3,1.0
0.8966,0.009247487423802804,NADPHQR4,1.0
0.8966,0.009247487423802804,ASR,0
0.8966,0.009247487423802804,METOX1s,0.0
0.8966,0.009247487423802804,XTSNH,1.0
0.8966,0.009247487423802804,METOX2s,0.0
0.8966,0.009247487423802804,INSH,1.0
0.8966,0.009247487423802804,O16AT,0
0.8966,0.009247487423802804,O16GALFT,0
0.8966,0.009247487423802804,O16GLCT2,0
0.8966,0.009247487423802804,O16AP1pp,0
0.8966,0.009247487423802804,GPDDA3pp,0
0.8966,0.009247487423802804,GPDDA4pp,1.0
0.8966,0.009247487423802804,GPDDA2pp,1.0
0.8966,0.009247487423802804,AGM4PCP,0.0
0.8966,0.009247487423802804,HCYSMT2,0
0.8966,0.009247487423802804,ACGK,1.0
0.8966,0.009247487423802804,PPK2,0.0
0.8966,0.009247487423802804,PPDOy,0
0.8966,0.009247487423802804,NTD12pp,0
0.8966,0.009247487423802804,PPA2,0
0.8966,0.009247487423802804,GNK,1.0
0.8966,0.009247487423802804,HMBS,1.0
0.8966,0.009247487423802804,3NTD7pp,0
0.8966,0.009247487423802804,3NTD4pp,0
0.8966,0.009247487423802804,3NTD2pp,0
0.8966,0.009247487423802804,3NTD9pp,0
0.8966,0.009247487423802804,RMK,0
0.8966,0.009247487423802804,HYPOE,1.0
0.8966,0.009247487423802804,MEPCT,1.0
0.8966,0.009247487423802804,23PDE7pp,0
0.8966,0.009247487423802804,GLYCLTDy,1.0
0.8966,0.009247487423802804,LYSDC,1.0
0.8966,0.009247487423802804,DAAD,0.0
0.8966,0.009247487423802804,HSTPT,1.0
0.8966,0.009247487423802804,NTPP5,1.0
0.8966,0.009247487423802804,THDPS,1.0
0.8966,0.009247487423802804,ACONMT,0.0
0.8966,0.009247487423802804,ATPM,1.0
0.8966,0.009247487423802804,NADPPPS,1.0
0.8966,0.009247487423802804,THRD_L,1.0
0.8966,0.009247487423802804,NTD3,1.0
0.8966,0.009247487423802804,GLYOX,0
0.8966,0.009247487423802804,NAMNPP,1.0
0.8966,0.009247487423802804,SELNPS,0.0
0.8966,0.009247487423802804,MTRPOX,0
0.8966,0.009247487423802804,AGM4PCPpp,0.0
0.8966,0.009247487423802804,GTPDPDP,1.0
0.8966,0.009247487423802804,RNDR2,1.0
0.8966,0.009247487423802804,PRAIi,1.0
0.8966,0.009247487423802804,NMNN,1.0
0.8966,0.009247487423802804,XAND,1.0
0.8966,0.009247487423802804,SHKK,1.0
0.8966,0.009247487423802804,NNDMBRT,0
0.8966,0.009247487423802804,THRA2,0
0.8966,0.009247487423802804,PPK,1.0
0.8966,0.009247487423802804,SADH,0
0.8966,0.009247487423802804,GLUSy,1.0
0.8966,0.009247487423802804,GUAPRT,1.0
0.8966,0.009247487423802804,OMCDC,1.0
0.8966,0.009247487423802804,ABUTD,0
0.8966,0.009247487423802804,PDH,1.0
0.8966,0.009247487423802804,MTHFR2,1.0
0.8966,0.009247487423802804,DUTPDP,1.0
0.8966,0.009247487423802804,NTP5,1.0
0.8966,0.009247487423802804,MTAN,1.0
0.8966,0.009247487423802804,DPR,1.0
0.8966,0.009247487423802804,NTD8,0
0.8966,0.009247487423802804,GALCTD,0
0.8966,0.009247487423802804,MLTG4,0
0.8966,0.009247487423802804,UDPGDC,0
0.8966,0.009247487423802804,G6PP,1.0
0.8966,0.009247487423802804,MMCD,0
0.8966,0.009247487423802804,GLNS,1.0
0.8966,0.009247487423802804,GTHS,1.0
0.8966,0.009247487423802804,ULA4NFT,0
0.8966,0.009247487423802804,NTD11pp,0
0.8966,0.009247487423802804,DKGLCNR2x,0
0.8966,0.009247487423802804,ACGS,1.0
0.8966,0.009247487423802804,PDE1,1.0
0.8966,0.009247487423802804,UPLA4FNT,0.0
0.8966,0.009247487423802804,HEPT1,0
0.8966,0.009247487423802804,MCITD,0
0.8966,0.009247487423802804,ALR2,1.0
0.8966,0.009247487423802804,AMALT2,0
0.8966,0.009247487423802804,HEPT2,0
0.8966,0.009247487423802804,HXAND,1.0
0.8966,0.009247487423802804,MOAT3C,0
0.8966,0.009247487423802804,ADNK1,1.0
0.8966,0.009247487423802804,RHAT1,0
0.8966,0.009247487423802804,GALT1,0
0.8966,0.009247487423802804,GLCTR2,0
0.8966,0.009247487423802804,G2PPpp,0
0.8966,0.009247487423802804,UDPGPpp,0
0.8966,0.009247487423802804,HEPK1,0
0.8966,0.009247487423802804,HEPT3,0
0.8966,0.009247487423802804,HEPK2,0
0.8966,0.009247487423802804,R5PP,1.0
0.8966,0.009247487423802804,CYSSADS,0
0.8966,0.009247487423802804,CPPPGO2,1.0
0.8966,0.009247487423802804,PPPGO,1.0
0.8966,0.009247487423802804,LDH_D2,1.0
0.8966,0.009247487423802804,SUCBZL,0
0.8966,0.009247487423802804,CYSDDS,0
0.8966,0.009247487423802804,NTP1,1.0
0.8966,0.009247487423802804,LALDO3,1.0
0.8966,0.009247487423802804,NTP10,0
0.8966,0.009247487423802804,PRAIS,1.0
0.8966,0.009247487423802804,GDMANE,0
0.8966,0.009247487423802804,GPDDA4,1.0
0.8966,0.009247487423802804,PLIPA1E160pp,1.0
0.8966,0.009247487423802804,LPLIPAL2E180,0
0.8966,0.009247487423802804,2AGPEAT160,1.0
0.8966,0.009247487423802804,PANTS,1.0
0.8966,0.009247487423802804,G1PPpp,0
0.8966,0.009247487423802804,GALCTND,0
0.8966,0.009247487423802804,GCALDD,1.0
0.8966,0.009247487423802804,HISTP,1.0
0.8966,0.009247487423802804,QMO2,0.0
0.8966,0.009247487423802804,QMO3,1.0
0.8966,0.009247487423802804,AMALT4,0
0.8966,0.009247487423802804,NTD11,1.0
0.8966,0.009247487423802804,LPLIPAL2G180,0
0.8966,0.009247487423802804,ORNDC,1.0
0.8966,0.009247487423802804,UPP3MT,1.0
0.8966,0.009247487423802804,2AGPGAT180,1.0
0.8966,0.009247487423802804,DHQS,1.0
0.8966,0.009247487423802804,2AGPGAT160,1.0
0.8966,0.009247487423802804,PGSA180,0.0
0.8966,0.009247487423802804,PGCD,1.0
0.8966,0.009247487423802804,FACOAE180,1.0
0.8966,0.009247487423802804,LPLIPAL2ATG140,0
0.8966,0.009247487423802804,LPLIPAL2ATG160,0
0.8966,0.009247487423802804,LPLIPAL2ATG180,0
0.8966,0.009247487423802804,FACOAE80,1.0
0.8966,0.009247487423802804,CFAS160G,0
0.8966,0.009247487423802804,ALAALAD,1.0
0.8966,0.009247487423802804,2AGPEAT180,1.0
0.8966,0.009247487423802804,LPLIPAL2ATE140,0
0.8966,0.009247487423802804,LPLIPAL2ATE160,0
0.8966,0.009247487423802804,LPLIPAL2ATE180,0
0.8966,0.009247487423802804,PLIPA1G180pp,1.0
0.8966,0.009247487423802804,AMPTASEPG,0
0.8966,0.009247487423802804,PGPP160pp,1.0
0.8966,0.009247487423802804,PGPP180pp,0
0.8966,0.009247487423802804,SERD_D,0
0.8966,0.009247487423802804,CLPNH160pp,1.0
0.8966,0.009247487423802804,PLIPA1E180pp,1.0
0.8966,0.009247487423802804,FLVRx,0.0
0.8966,0.009247487423802804,GGPTRCO,1.0
0.8966,0.009247487423802804,AACTOOR,0
0.8966,0.009247487423802804,ECAP3pp,0.0
0.8966,0.009247487423802804,TPRDCOAS,0
0.8966,0.009247487423802804,ACGAM1PPpp,0
0.8966,0.009247487423802804,FMNRx,1.0
0.8966,0.009247487423802804,DHBS,0.0
0.8966,0.009247487423802804,THIORDXi,1.0
0.8966,0.009247487423802804,PPPGO3,1.0
0.8966,0.009247487423802804,PFK,1.0
0.8966,0.009247487423802804,PDX5POi,1.0
0.8966,0.009247487423802804,PDX5PO2,1.0
0.8966,0.009247487423802804,OMBZLM,0
0.8966,0.009247487423802804,GLYCK,1.0
0.8966,0.009247487423802804,MLTG5,0
0.8966,0.009247487423802804,GPDDA3,0
0.8966,0.009247487423802804,2DOXG6PP,0
0.8966,0.009247487423802804,OXAMTC,1.0
0.8966,0.009247487423802804,DASYN140,1.0
0.8966,0.009247487423802804,DASYN180,1.0
0.8966,0.009247487423802804,MCTP2App,0.0
0.8966,0.009247487423802804,5DOAN,1.0
0.8966,0.009247487423802804,SFGTHi,0
0.8966,0.009247487423802804,PYDAMK,1.0
0.8966,0.009247487423802804,DHORDfum,1.0
0.8966,0.009247487423802804,DHNAOT4,0
0.8966,0.009247487423802804,AMPMS2,1.0
0.8966,0.009247487423802804,ALR4x,1.0
0.8966,0.009247487423802804,PSSA180,0.0
0.8966,0.009247487423802804,PSD160,1.0
0.8966,0.009247487423802804,PSD180,0
0.8966,0.009247487423802804,LPLIPAL1G180pp,0
0.8966,0.009247487423802804,LPLIPAL1G181pp,1.0
0.8966,0.009247487423802804,PLIPA2A180pp,1.0
0.8966,0.009247487423802804,PLIPA2G160pp,1.0
0.8966,0.009247487423802804,CU1Opp,0
0.8966,0.009247487423802804,SUCDi,1.0
0.8966,0.009247487423802804,FADRx2,1.0
0.8966,0.009247487423802804,LALDO2x,0.0
0.8966,0.009247487423802804,LPLIPAL1E160pp,1.0
0.8966,0.009247487423802804,LPLIPAL1E180pp,0
0.8966,0.009247487423802804,ASNS1,1.0
0.8966,0.009247487423802804,LPLIPAL1G160pp,1.0
0.8966,0.009247487423802804,GTHRDHpp,1.0
0.8966,0.009247487423802804,PLIPA2E160pp,1.0
0.8966,0.009247487423802804,MDDCP3pp,0.0
0.8966,0.009247487423802804,MLDCP2Bpp,0
0.8966,0.009247487423802804,CDAPPA140,1.0
0.8966,0.009247487423802804,MLDCP1App,0.0
0.8966,0.009247487423802804,PDE4,1.0
0.8966,0.009247487423802804,PGSA161,0.0
0.8966,0.009247487423802804,PGPP160,1.0
0.8966,0.009247487423802804,PGPP180,0
0.8966,0.009247487423802804,PGPP161,0
0.8966,0.009247487423802804,CDAPPA180,1.0
0.8966,0.009247487423802804,NTP12,0
0.8966,0.009247487423802804,LPLIPAL1A180pp,1.0
0.8966,0.009247487423802804,MLDCP2App,0.0
0.8966,0.009247487423802804,CLPNH140pp,1.0
0.8966,0.009247487423802804,MDDCP5pp,0.0
0.8966,0.009247487423802804,MLTGY3pp,0.0
0.8966,0.009247487423802804,MDDCP4pp,0.0
0.8966,0.009247487423802804,PLIPA1G160pp,1.0
0.8966,0.009247487423802804,LPLIPAL2E160,1.0
0.8966,0.009247487423802804,LPLIPAL2G160,1.0
0.8966,0.009247487423802804,AGPAT181,1.0
0.8966,0.009247487423802804,PGPP161pp,0
0.8966,0.009247487423802804,MDDEP3pp,0
0.8966,0.009247487423802804,MLTGY1pp,1.0
0.8966,0.009247487423802804,MLDCP1Bpp,0.0
0.8966,0.009247487423802804,AGPAT141,1.0
0.8966,0.009247487423802804,MDDEP2pp,0.0
0.8966,0.009247487423802804,AGPAT161,1.0
0.8966,0.009247487423802804,MLDEP1pp,0.0
0.8966,0.009247487423802804,MLTGY2pp,0
0.8966,0.009247487423802804,NTP11,0
0.8966,0.009247487423802804,OMMBLHX3,0
0.8966,0.009247487423802804,2MAHMP,1.0
0.8966,0.009247487423802804,NADHPO,1.0
0.8966,0.009247487423802804,CTBTCAL2,0.0
0.8966,0.009247487423802804,OBTFL,0
0.8966,0.009247487423802804,GDPMNP,0
0.8966,0.009247487423802804,OPHHX3,1.0
0.8966,0.009247487423802804,AMMQLT8,0
0.8966,0.009247487423802804,CRNDCAL2,0.0
0.8966,0.009247487423802804,DTARTD,0
0.8966,0.009247487423802804,CRNCAL2,0.0
0.8966,0.009247487423802804,PLIPA2E180pp,0
0.8966,0.009247487423802804,PLIPA2G180pp,0
0.8966,0.009247487423802804,OXCDC,0
0.8966,0.009247487423802804,GALCTLO,0
0.8966,0.009247487423802804,MTHTHFSs,0.0
0.8966,0.009247487423802804,SELGTHR,0.0
0.8966,0.009247487423802804,THRA,1.0
0.8966,0.009247487423802804,XYLK2,0
0.8966,0.009247487423802804,S2FE2SR,1.0
0.8966,0.009247487423802804,3AMACHYD,0
0.8966,0.009247487423802804,LDGUNPD,1.0
0.8966,0.009247487423802804,MPTAT,0.0
0.8966,0.009247487423802804,CCGS,0
0.8966,0.009247487423802804,SELR,0
0.8966,0.009247487423802804,CDGR,0.0
0.8966,0.009247487423802804,S2FE2ST,1.0
0.8966,0.009247487423802804,CDGS,0
0.8966,0.009247487423802804,CBMD,0
0.8966,0.009247487423802804,I2FE2ST,1.0
0.8966,0.009247487423802804,OXCOAHDH,0
0.8966,0.009247487423802804,MSAR,0
0.8966,0.009247487423802804,THFAT,0.0
0.8966,0.009247487423802804,FOMETRi,0
0.8966,0.009247487423802804,GDPTPDP,1.0
0.8966,0.009247487423802804,LIPOCT,0
0.8966,0.009247487423802804,LIPATPT,0.0
0.8966,0.009247487423802804,MMM,0
0.8966,0.009247487423802804,CPH4S,0.0
0.8966,0.009247487423802804,SHCHCS3,0
0.8966,0.009247487423802804,PYK4,1.0
0.8966,0.009247487423802804,3OXCOAT,0
0.8966,0.009247487423802804,URACPAH,0
0.8966,0.009247487423802804,AP4AS,1.0
0.8966,0.009247487423802804,GNP,1.0
0.8966,0.009247487423802804,POAACR,0
0.8966,0.009247487423802804,ACOAD1fr,1.0
0.8966,0.009247487423802804,ALR2x,0
0.8966,0.009247487423802804,OMPHHXy,0
0.8966,0.009247487423802804,APCS,0
0.8966,0.009247487423802804,ThDPAT,0.0
0.8966,0.009247487423802804,G2PP,0
0.8966,0.009247487423802804,SHGO,1.0
0.8966,0.009247487423802804,PACOAT,1.0
0.8966,0.009247487423802804,PYK2,1.0
0.8966,0.009247487423802804,PYK3,1.0
0.8966,0.009247487423802804,DHPTDNR,0.0
0.8966,0.009247487423802804,DHPTDNRN,0.0
0.8966,0.009247487423802804,GTHPi,1.0
0.8966,0.009247487423802804,SEPHCHCS,0.0
0.8966,0.009247487423802804,PYK6,1.0
0.8966,0.009247487423802804,5DGLCNR,0
0.8966,0.009247487423802804,RU5PP,0
0.8966,0.009247487423802804,MOX,1.0
0.8966,0.009247487423802804,CYSTA,0
0.8966,0.009247487423802804,I2FE2SR,0.0
0.8966,0.009247487423802804,GAPP,1.0
0.8966,0.009247487423802804,TYRL,1.0
0.8966,0.009247487423802804,HPYRP,1.0
0.8966,0.009247487423802804,QUINDHyi,0
0.8966,0.009247487423802804,DHGLYH,1.0
0.8966,0.009247487423802804,4HTHRK,0
0.8966,0.009247487423802804,ACOAD1f,0.0
0.8966,0.009247487423802804,QUINDH,0
0.8966,0.009247487423802804,LCARSyi,1.0
0.8966,0.009247487423802804,OMMBLHXy,0
0.8966,0.009247487423802804,OPHHXy,1.0
0.8966,0.009247487423802804,PROD3,1.0
0.8966,0.009247487423802804,F1PP,0
0.8966,0.009247487423802804,ACP1p,0
0.8966,0.009247487423802804,3HPADHi,0
0.8966,0.009247487423802804,DHPTDCs2,0
0.8966,0.009247487423802804,OXDHCOAT,0
0.8966,0.009247487423802804,PYROX,0.0
0.8966,0.009247487423802804,NDPK5_FWD,1.0
0.8966,0.009247487423802804,NDPK5_REV,0.0
0.8966,0.009247487423802804,SHK3Dr_FWD,1.0
0.8966,0.009247487423802804,SHK3Dr_REV,0.0
0.8966,0.009247487423802804,NDPK6_FWD,1.0
0.8966,0.009247487423802804,NDPK6_REV,0.0
0.8966,0.009247487423802804,NDPK8_FWD,1.0
0.8966,0.009247487423802804,NDPK8_REV,0.0
0.8966,0.009247487423802804,DHORTS_FWD,0.0
0.8966,0.009247487423802804,DHORTS_REV,1.0
0.8966,0.009247487423802804,PYNP2r_FWD,1.0
0.8966,0.009247487423802804,PYNP2r_REV,0.0
0.8966,0.009247487423802804,ICDHyr_FWD,1.0
0.8966,0.009247487423802804,ICDHyr_REV,0.0
0.8966,0.009247487423802804,DURIPP_FWD,1.0
0.8966,0.009247487423802804,DURIPP_REV,0.0
0.8966,0.009247487423802804,ACALD_FWD,0.0
0.8966,0.009247487423802804,ACALD_REV,1.0
0.8966,0.009247487423802804,MAN6PI_FWD,0.0
0.8966,0.009247487423802804,MAN6PI_REV,0
0.8966,0.009247487423802804,TRPAS2_FWD,1.0
0.8966,0.009247487423802804,TRPAS2_REV,1.0
0.8966,0.009247487423802804,ALAR_FWD,1.0
0.8966,0.009247487423802804,ALAR_REV,1.0
0.8966,0.009247487423802804,ALATA_L_FWD,0.0
0.8966,0.009247487423802804,ALATA_L_REV,1.0
0.8966,0.009247487423802804,PPM_FWD,1.0
0.8966,0.009247487423802804,PPM_REV,0.0
0.8966,0.009247487423802804,ASPTA_FWD,0.0
0.8966,0.009247487423802804,ASPTA_REV,1.0
0.8966,0.009247487423802804,A5PISO_FWD,1.0
0.8966,0.009247487423802804,A5PISO_REV,0.0
0.8966,0.009247487423802804,GTHOr_FWD,1.0
0.8966,0.009247487423802804,GTHOr_REV,0.0
0.8966,0.009247487423802804,ILETA_FWD,0.0
0.8966,0.009247487423802804,ILETA_REV,1.0
0.8966,0.009247487423802804,VALTA_FWD,0.0
0.8966,0.009247487423802804,VALTA_REV,1.0
0.8966,0.009247487423802804,IPPMIb_FWD,1.0
0.8966,0.009247487423802804,IPPMIb_REV,1.0
0.8966,0.009247487423802804,ORPT_FWD,0.0
0.8966,0.009247487423802804,ORPT_REV,1.0
0.8966,0.009247487423802804,PSCVT_FWD,1.0
0.8966,0.009247487423802804,PSCVT_REV,1.0
0.8966,0.009247487423802804,PTAr_FWD,1.0
0.8966,0.009247487423802804,PTAr_REV,0.0
0.8966,0.009247487423802804,ACKr_FWD,0.0
0.8966,0.009247487423802804,ACKr_REV,1.0
0.8966,0.009247487423802804,EX_h_e_FWD,0.0
0.8966,0.009247487423802804,EX_h_e_REV,0.0
0.8966,0.009247487423802804,TMDPP_FWD,1.0
0.8966,0.009247487423802804,TMDPP_REV,0.0
0.8966,0.009247487423802804,ECOAH6_FWD,1.0
0.8966,0.009247487423802804,ECOAH6_REV,1.0
0.8966,0.009247487423802804,ENO_FWD,1.0
0.8966,0.009247487423802804,ENO_REV,0.0
0.8966,0.009247487423802804,FBA_FWD,0.0
0.8966,0.009247487423802804,FBA_REV,1.0
0.8966,0.009247487423802804,HCO3E_FWD,1.0
0.8966,0.009247487423802804,HCO3E_REV,0.0
0.8966,0.009247487423802804,IMPC_FWD,0.0
0.8966,0.009247487423802804,IMPC_REV,1.0
0.8966,0.009247487423802804,ECOAH4_FWD,1.0
0.8966,0.009247487423802804,ECOAH4_REV,1.0
0.8966,0.009247487423802804,PGI_FWD,1.0
0.8966,0.009247487423802804,PGI_REV,1.0
0.8966,0.009247487423802804,PGK_FWD,1.0
0.8966,0.009247487423802804,PGK_REV,1.0
0.8966,0.009247487423802804,RPE_FWD,1.0
0.8966,0.009247487423802804,RPE_REV,1.0
0.8966,0.009247487423802804,TALA_FWD,1.0
0.8966,0.009247487423802804,TALA_REV,1.0
0.8966,0.009247487423802804,PUNP1_FWD,1.0
0.8966,0.009247487423802804,PUNP1_REV,0.0
0.8966,0.009247487423802804,PUNP2_FWD,1.0
0.8966,0.009247487423802804,PUNP2_REV,0.0
0.8966,0.009247487423802804,PUNP3_FWD,1.0
0.8966,0.009247487423802804,PUNP3_REV,0.0
0.8966,0.009247487423802804,ADSL2r_FWD,1.0
0.8966,0.009247487423802804,ADSL2r_REV,0.0
0.8966,0.009247487423802804,TKT1_FWD,1.0
0.8966,0.009247487423802804,TKT1_REV,1.0
0.8966,0.009247487423802804,PUNP5_FWD,1.0
0.8966,0.009247487423802804,PUNP5_REV,0.0
0.8966,0.009247487423802804,PUNP6_FWD,1.0
0.8966,0.009247487423802804,PUNP6_REV,0.0
0.8966,0.009247487423802804,PUNP7_FWD,1.0
0.8966,0.009247487423802804,PUNP7_REV,0.0
0.8966,0.009247487423802804,ALCD2x_FWD,0.0
0.8966,0.009247487423802804,ALCD2x_REV,1.0
0.8966,0.009247487423802804,RMI_FWD,0
0.8966,0.009247487423802804,RMI_REV,0.0
0.8966,0.009247487423802804,LYSAM_FWD,0
0.8966,0.009247487423802804,LYSAM_REV,0.0
0.8966,0.009247487423802804,IPPMIa_FWD,1.0
0.8966,0.009247487423802804,IPPMIa_REV,1.0
0.8966,0.009247487423802804,ADK4_FWD,0
0.8966,0.009247487423802804,ADK4_REV,0.0
0.8966,0.009247487423802804,MDH_FWD,1.0
0.8966,0.009247487423802804,MDH_REV,1.0
0.8966,0.009247487423802804,FUM_FWD,1.0
0.8966,0.009247487423802804,FUM_REV,1.0
0.8966,0.009247487423802804,OHPBAT_FWD,1.0
0.8966,0.009247487423802804,OHPBAT_REV,0.0
0.8966,0.009247487423802804,KARA1_FWD,0.0
0.8966,0.009247487423802804,KARA1_REV,1.0
0.8966,0.009247487423802804,KARA2_FWD,1.0
0.8966,0.009247487423802804,KARA2_REV,0.0
0.8966,0.009247487423802804,ICHORS_copy2_FWD,0
0.8966,0.009247487423802804,ICHORS_copy2_REV,0
0.8966,0.009247487423802804,DHBD_FWD,0
0.8966,0.009247487423802804,DHBD_REV,0.0
0.8966,0.009247487423802804,RBP4E_FWD,0.0
0.8966,0.009247487423802804,RBP4E_REV,0
0.8966,0.009247487423802804,HACD6_FWD,1.0
0.8966,0.009247487423802804,HACD6_REV,1.0
0.8966,0.009247487423802804,ECOAH1_FWD,1.0
0.8966,0.009247487423802804,ECOAH1_REV,0.0
0.8966,0.009247487423802804,ECOAH2_FWD,1.0
0.8966,0.009247487423802804,ECOAH2_REV,0.0
0.8966,0.009247487423802804,AGPR_FWD,0.0
0.8966,0.009247487423802804,AGPR_REV,1.0
0.8966,0.009247487423802804,G1SAT_FWD,1.0
0.8966,0.009247487423802804,G1SAT_REV,0.0
0.8966,0.009247487423802804,ECOAH3_FWD,1.0
0.8966,0.009247487423802804,ECOAH3_REV,1.0
0.8966,0.009247487423802804,UGLT_FWD,0
0.8966,0.009247487423802804,UGLT_REV,0.0
0.8966,0.009247487423802804,GUI1_FWD,0
0.8966,0.009247487423802804,GUI1_REV,0
0.8966,0.009247487423802804,PGAMT_FWD,0.0
0.8966,0.009247487423802804,PGAMT_REV,1.0
0.8966,0.009247487423802804,XYLI2_FWD,0.0
0.8966,0.009247487423802804,XYLI2_REV,1.0
0.8966,0.009247487423802804,PMANM_FWD,0
0.8966,0.009247487423802804,PMANM_REV,0.0
0.8966,0.009247487423802804,GLUR_FWD,0.0
0.8966,0.009247487423802804,GLUR_REV,1.0
0.8966,0.009247487423802804,UAG2E_FWD,1.0
0.8966,0.009247487423802804,UAG2E_REV,1.0
0.8966,0.009247487423802804,UDPG4E_FWD,0.0
0.8966,0.009247487423802804,UDPG4E_REV,0
0.8966,0.009247487423802804,XYLI1_FWD,0.0
0.8966,0.009247487423802804,XYLI1_REV,0
0.8966,0.009247487423802804,HACD4_FWD,1.0
0.8966,0.009247487423802804,HACD4_REV,1.0
0.8966,0.009247487423802804,HACD5_FWD,1.0
0.8966,0.009247487423802804,HACD5_REV,1.0
0.8966,0.009247487423802804,HACD7_FWD,1.0
0.8966,0.009247487423802804,HACD7_REV,1.0
0.8966,0.009247487423802804,GHMT2r_FWD,1.0
0.8966,0.009247487423802804,GHMT2r_REV,1.0
0.8966,0.009247487423802804,LCARS_FWD,1.0
0.8966,0.009247487423802804,LCARS_REV,0.0
0.8966,0.009247487423802804,ALCD19_FWD,1.0
0.8966,0.009247487423802804,ALCD19_REV,0.0
0.8966,0.009247487423802804,RMPA_FWD,0
0.8966,0.009247487423802804,RMPA_REV,0.0
0.8966,0.009247487423802804,SBTPD_FWD,0.0
0.8966,0.009247487423802804,SBTPD_REV,0
0.8966,0.009247487423802804,GLTPD_FWD,0
0.8966,0.009247487423802804,GLTPD_REV,0.0
0.8966,0.009247487423802804,EX_hdcea_e_FWD,0.0
0.8966,0.009247487423802804,EX_hdcea_e_REV,0
0.8966,0.009247487423802804,TGBPA_FWD,0.0
0.8966,0.009247487423802804,TGBPA_REV,0
0.8966,0.009247487423802804,MANAO_FWD,0
0.8966,0.009247487423802804,MANAO_REV,0.0
0.8966,0.009247487423802804,TAGURr_FWD,1.0
0.8966,0.009247487423802804,TAGURr_REV,1.0
0.8966,0.009247487423802804,UMPK_FWD,1.0
0.8966,0.009247487423802804,UMPK_REV,0.0
0.8966,0.009247487423802804,DDPGALA_FWD,0.0
0.8966,0.009247487423802804,DDPGALA_REV,0
0.8966,0.009247487423802804,NDPK7_FWD,1.0
0.8966,0.009247487423802804,NDPK7_REV,0.0
0.8966,0.009247487423802804,GLYAT_FWD,0.0
0.8966,0.009247487423802804,GLYAT_REV,0
0.8966,0.009247487423802804,EX_ttdcea_e_FWD,0.0
0.8966,0.009247487423802804,EX_ttdcea_e_REV,0
0.8966,0.009247487423802804,F6PA_FWD,1.0
0.8966,0.009247487423802804,F6PA_REV,0.0
0.8966,0.009247487423802804,CRNBTCT_FWD,1.0
0.8966,0.009247487423802804,CRNBTCT_REV,1.0
0.8966,0.009247487423802804,CRNCBCT_FWD,1.0
0.8966,0.009247487423802804,CRNCBCT_REV,1.0
0.8966,0.009247487423802804,CRNCDH_FWD,1.0
0.8966,0.009247487423802804,CRNCDH_REV,1.0
0.8966,0.009247487423802804,IDOND_FWD,1.0
0.8966,0.009247487423802804,IDOND_REV,1.0
0.8966,0.009247487423802804,ADK1_FWD,1.0
0.8966,0.009247487423802804,ADK1_REV,0.0
0.8966,0.009247487423802804,NDPK2_FWD,1.0
0.8966,0.009247487423802804,NDPK2_REV,0.0
0.8966,0.009247487423802804,NDPK3_FWD,1.0
0.8966,0.009247487423802804,NDPK3_REV,0.0
0.8966,0.009247487423802804,NDPK4_FWD,1.0
0.8966,0.009247487423802804,NDPK4_REV,0.0
0.8966,0.009247487423802804,DAPE_FWD,1.0
0.8966,0.009247487423802804,DAPE_REV,0.0
0.8966,0.009247487423802804,SDPTA_FWD,0.0
0.8966,0.009247487423802804,SDPTA_REV,1.0
0.8966,0.009247487423802804,DGK1_FWD,1.0
0.8966,0.009247487423802804,DGK1_REV,0.0
0.8966,0.009247487423802804,DTMPK_FWD,1.0
0.8966,0.009247487423802804,DTMPK_REV,0.0
0.8966,0.009247487423802804,NDPK1_FWD,1.0
0.8966,0.009247487423802804,NDPK1_REV,0.0
0.8966,0.009247487423802804,PGMT_FWD,0.0
0.8966,0.009247487423802804,PGMT_REV,1.0
0.8966,0.009247487423802804,ARAI_FWD,1.0
0.8966,0.009247487423802804,ARAI_REV,1.0
0.8966,0.009247487423802804,M1PD_FWD,0
0.8966,0.009247487423802804,M1PD_REV,0.0
0.8966,0.009247487423802804,G3PD2_FWD,0.0
0.8966,0.009247487423802804,G3PD2_REV,1.0
0.8966,0.009247487423802804,FCI_FWD,0.0
0.8966,0.009247487423802804,FCI_REV,0
0.8966,0.009247487423802804,FCLPA_FWD,0.0
0.8966,0.009247487423802804,FCLPA_REV,0
0.8966,0.009247487423802804,EX_ttdca_e_FWD,0.0
0.8966,0.009247487423802804,EX_ttdca_e_REV,0
0.8966,0.009247487423802804,PRPPS_FWD,1.0
0.8966,0.009247487423802804,PRPPS_REV,0.0
0.8966,0.009247487423802804,PRMICI_FWD,1.0
0.8966,0.009247487423802804,PRMICI_REV,0.0
0.8966,0.009247487423802804,SERAT_FWD,1.0
0.8966,0.009247487423802804,SERAT_REV,0.0
0.8966,0.009247487423802804,ASPK_FWD,1.0
0.8966,0.009247487423802804,ASPK_REV,0.0
0.8966,0.009247487423802804,ASAD_FWD,0.0
0.8966,0.009247487423802804,ASAD_REV,1.0
0.8966,0.009247487423802804,OCBT_FWD,1.0
0.8966,0.009247487423802804,OCBT_REV,0.0
0.8966,0.009247487423802804,GARFT_FWD,1.0
0.8966,0.009247487423802804,GARFT_REV,1.0
0.8966,0.009247487423802804,PHETA1_FWD,0.0
0.8966,0.009247487423802804,PHETA1_REV,1.0
0.8966,0.009247487423802804,MCITL2_FWD,0
0.8966,0.009247487423802804,MCITL2_REV,0.0
0.8966,0.009247487423802804,ACOTA_FWD,0.0
0.8966,0.009247487423802804,ACOTA_REV,1.0
0.8966,0.009247487423802804,CBMKr_FWD,0.0
0.8966,0.009247487423802804,CBMKr_REV,1.0
0.8966,0.009247487423802804,PRAGSr_FWD,1.0
0.8966,0.009247487423802804,PRAGSr_REV,0.0
0.8966,0.009247487423802804,AMANAPEr_FWD,0
0.8966,0.009247487423802804,AMANAPEr_REV,0.0
0.8966,0.009247487423802804,NNATr_FWD,1.0
0.8966,0.009247487423802804,NNATr_REV,0.0
0.8966,0.009247487423802804,GAPD_FWD,1.0
0.8966,0.009247487423802804,GAPD_REV,1.0
0.8966,0.009247487423802804,PPM2_FWD,1.0
0.8966,0.009247487423802804,PPM2_REV,0.0
0.8966,0.009247487423802804,G6PDH2r_FWD,1.0
0.8966,0.009247487423802804,G6PDH2r_REV,0.0
0.8966,0.009247487423802804,ARGSL_FWD,1.0
0.8966,0.009247487423802804,ARGSL_REV,-0.0
0.8966,0.009247487423802804,EX_but_e_FWD,0.0
0.8966,0.009247487423802804,EX_but_e_REV,0
0.8966,0.009247487423802804,MLTP3_FWD,0
0.8966,0.009247487423802804,MLTP3_REV,0.0
0.8966,0.009247487423802804,SERASr_FWD,0.0
0.8966,0.009247487423802804,SERASr_REV,0
0.8966,0.009247487423802804,FBA3_FWD,1.0
0.8966,0.009247487423802804,FBA3_REV,1.0
0.8966,0.009247487423802804,ACACT7r_FWD,1.0
0.8966,0.009247487423802804,ACACT7r_REV,1.0
0.8966,0.009247487423802804,ADK3_FWD,1.0
0.8966,0.009247487423802804,ADK3_REV,1.0
0.8966,0.009247487423802804,ACACT2r_FWD,1.0
0.8966,0.009247487423802804,ACACT2r_REV,1.0
0.8966,0.009247487423802804,ACACT4r_FWD,1.0
0.8966,0.009247487423802804,ACACT4r_REV,1.0
0.8966,0.009247487423802804,HSDy_FWD,0.0
0.8966,0.009247487423802804,HSDy_REV,1.0
0.8966,0.009247487423802804,AHGDx_FWD,0.0
0.8966,0.009247487423802804,AHGDx_REV,1.0
0.8966,0.009247487423802804,MLTP2_FWD,0
0.8966,0.009247487423802804,MLTP2_REV,0.0
0.8966,0.009247487423802804,EX_dca_e_FWD,0.0
0.8966,0.009247487423802804,EX_dca_e_REV,0
0.8966,0.009247487423802804,TKT2_FWD,1.0
0.8966,0.009247487423802804,TKT2_REV,0.0
0.8966,0.009247487423802804,CYTK1_FWD,1.0
0.8966,0.009247487423802804,CYTK1_REV,0.0
0.8966,0.009247487423802804,CYTK2_FWD,1.0
0.8966,0.009247487423802804,CYTK2_REV,0.0
0.8966,0.009247487423802804,ECOAH8_FWD,1.0
0.8966,0.009247487423802804,ECOAH8_REV,1.0
0.8966,0.009247487423802804,GK1_FWD,1.0
0.8966,0.009247487423802804,GK1_REV,0.0
0.8966,0.009247487423802804,HACD1_FWD,1.0
0.8966,0.009247487423802804,HACD1_REV,0.0
0.8966,0.009247487423802804,EX_ppa_e_FWD,0.0
0.8966,0.009247487423802804,EX_ppa_e_REV,0
0.8966,0.009247487423802804,HACD2_FWD,1.0
0.8966,0.009247487423802804,HACD2_REV,0.0
0.8966,0.009247487423802804,ECOAH5_FWD,1.0
0.8966,0.009247487423802804,ECOAH5_REV,1.0
0.8966,0.009247487423802804,EX_fe3dcit_e_FWD,0.0
0.8966,0.009247487423802804,EX_fe3dcit_e_REV,0
0.8966,0.009247487423802804,EX_fe3hox_e_FWD,0.0
0.8966,0.009247487423802804,EX_fe3hox_e_REV,0
0.8966,0.009247487423802804,MALTATr_FWD,0
0.8966,0.009247487423802804,MALTATr_REV,0.0
0.8966,0.009247487423802804,TRSARr_FWD,1.0
0.8966,0.009247487423802804,TRSARr_REV,0.0
0.8966,0.009247487423802804,MTHFC_FWD,1.0
0.8966,0.009247487423802804,MTHFC_REV,1.0
0.8966,0.009247487423802804,MTHFD_FWD,1.0
0.8966,0.009247487423802804,MTHFD_REV,1.0
0.8966,0.009247487423802804,ALAGLUE_FWD,1.0
0.8966,0.009247487423802804,ALAGLUE_REV,0
0.8966,0.009247487423802804,ACACT6r_FWD,1.0
0.8966,0.009247487423802804,ACACT6r_REV,1.0
0.8966,0.009247487423802804,GGGABADr_FWD,1.0
0.8966,0.009247487423802804,GGGABADr_REV,-0.0
0.8966,0.009247487423802804,EX_butso3_e_FWD,0.0
0.8966,0.009247487423802804,EX_butso3_e_REV,0
0.8966,0.009247487423802804,ARABDI_FWD,0.0
0.8966,0.009247487423802804,ARABDI_REV,0
0.8966,0.009247487423802804,EX_fe3hox_un_e_FWD,0.0
0.8966,0.009247487423802804,EX_fe3hox_un_e_REV,0
0.8966,0.009247487423802804,EX_chtbs_e_FWD,0.0
0.8966,0.009247487423802804,EX_chtbs_e_REV,0
0.8966,0.009247487423802804,ALLPI_FWD,0
0.8966,0.009247487423802804,ALLPI_REV,0.0
0.8966,0.009247487423802804,ALLULPE_FWD,0
0.8966,0.009247487423802804,ALLULPE_REV,0.0
0.8966,0.009247487423802804,EX_hacolipa_e_FWD,0.0
0.8966,0.009247487423802804,EX_hacolipa_e_REV,0
0.8966,0.009247487423802804,FALDH2_FWD,0
0.8966,0.009247487423802804,FALDH2_REV,-0.0
0.8966,0.009247487423802804,DHPTPE_FWD,0
0.8966,0.009247487423802804,DHPTPE_REV,0
0.8966,0.009247487423802804,FALGTHLs_FWD,0.0
0.8966,0.009247487423802804,FALGTHLs_REV,0
0.8966,0.009247487423802804,FHL_FWD,0
0.8966,0.009247487423802804,FHL_REV,0.0
0.8966,0.009247487423802804,GLUDy_FWD,0.0
0.8966,0.009247487423802804,GLUDy_REV,1.0
0.8966,0.009247487423802804,CRNCAR_FWD,0
0.8966,0.009247487423802804,CRNCAR_REV,0
0.8966,0.009247487423802804,DHFR_FWD,1.0
0.8966,0.009247487423802804,DHFR_REV,0.0
0.8966,0.009247487423802804,HACD3_FWD,1.0
0.8966,0.009247487423802804,HACD3_REV,1.0
0.8966,0.009247487423802804,TYRTA_FWD,0.0
0.8966,0.009247487423802804,TYRTA_REV,1.0
0.8966,0.009247487423802804,E4PD_FWD,1.0
0.8966,0.009247487423802804,E4PD_REV,0.0
0.8966,0.009247487423802804,DADK_FWD,1.0
0.8966,0.009247487423802804,DADK_REV,0.0
0.8966,0.009247487423802804,EX_ddca_e_FWD,0.0
0.8966,0.009247487423802804,EX_ddca_e_REV,0
0.8966,0.009247487423802804,PUNP4_FWD,0.0
0.8966,0.009247487423802804,PUNP4_REV,0
0.8966,0.009247487423802804,AMAOTr_FWD,1.0
0.8966,0.009247487423802804,AMAOTr_REV,0.0
0.8966,0.009247487423802804,ACACT1r_FWD,1.0
0.8966,0.009247487423802804,ACACT1r_REV,0.0
0.8966,0.009247487423802804,UDPKAAT_FWD,0.0
0.8966,0.009247487423802804,UDPKAAT_REV,0
0.8966,0.009247487423802804,GLCATr_FWD,0
0.8966,0.009247487423802804,GLCATr_REV,0.0
0.8966,0.009247487423802804,MLTP1_FWD,0
0.8966,0.009247487423802804,MLTP1_REV,0.0
0.8966,0.009247487423802804,ALAALAr_FWD,1.0
0.8966,0.009247487423802804,ALAALAr_REV,0.0
0.8966,0.009247487423802804,EX_14glucan_e_FWD,0.0
0.8966,0.009247487423802804,EX_14glucan_e_REV,0
0.8966,0.009247487423802804,EX_feoxam_un_e_FWD,0.0
0.8966,0.009247487423802804,EX_feoxam_un_e_REV,0
0.8966,0.009247487423802804,SUCOAS_FWD,0.0
0.8966,0.009247487423802804,SUCOAS_REV,1.0
0.8966,0.009247487423802804,GALKr_FWD,0
0.8966,0.009247487423802804,GALKr_REV,0.0
0.8966,0.009247487423802804,DURADx_FWD,0
0.8966,0.009247487423802804,DURADx_REV,0.0
0.8966,0.009247487423802804,ECOAH7_FWD,1.0
0.8966,0.009247487423802804,ECOAH7_REV,1.0
0.8966,0.009247487423802804,LDH_D_FWD,0.0
0.8966,0.009247487423802804,LDH_D_REV,1.0
0.8966,0.009247487423802804,IPDDI_FWD,1.0
0.8966,0.009247487423802804,IPDDI_REV,0.0
0.8966,0.009247487423802804,T2DECAI_FWD,1.0
0.8966,0.009247487423802804,T2DECAI_REV,0
0.8966,0.009247487423802804,ADSL1r_FWD,1.0
0.8966,0.009247487423802804,ADSL1r_REV,0.0
0.8966,0.009247487423802804,AICART_FWD,1.0
0.8966,0.009247487423802804,AICART_REV,1.0
0.8966,0.009247487423802804,CLPNS160pp_FWD,1.0
0.8966,0.009247487423802804,CLPNS160pp_REV,0.0
0.8966,0.009247487423802804,CLPNS161pp_FWD,0
0.8966,0.009247487423802804,CLPNS161pp_REV,0.0
0.8966,0.009247487423802804,HPYRI_FWD,0.0
0.8966,0.009247487423802804,HPYRI_REV,1.0
0.8966,0.009247487423802804,GUI2_FWD,0.0
0.8966,0.009247487423802804,GUI2_REV,0
0.8966,0.009247487423802804,PGM_FWD,0.0
0.8966,0.009247487423802804,PGM_REV,1.0
0.8966,0.009247487423802804,TPI_FWD,1.0
0.8966,0.009247487423802804,TPI_REV,1.0
0.8966,0.009247487423802804,RPI_FWD,1.0
0.8966,0.009247487423802804,RPI_REV,1.0
0.8966,0.009247487423802804,PERD_FWD,1.0
0.8966,0.009247487423802804,PERD_REV,1.0
0.8966,0.009247487423802804,ACONIs_FWD,0.0
0.8966,0.009247487423802804,ACONIs_REV,0
0.8966,0.009247487423802804,ACONTb_FWD,1.0
0.8966,0.009247487423802804,ACONTb_REV,0.0
0.8966,0.009247487423802804,MICITDr_FWD,0.0
0.8966,0.009247487423802804,MICITDr_REV,0
0.8966,0.009247487423802804,ACONTa_FWD,1.0
0.8966,0.009247487423802804,ACONTa_REV,1.0
0.8966,0.009247487423802804,CLPNS140pp_FWD,1.0
0.8966,0.009247487423802804,CLPNS140pp_REV,0.0
0.8966,0.009247487423802804,ATHRDHr_FWD,0.0
0.8966,0.009247487423802804,ATHRDHr_REV,0
0.8966,0.009247487423802804,LSERDHr_FWD,0.0
0.8966,0.009247487423802804,LSERDHr_REV,0
0.8966,0.009247487423802804,DSERDHr_FWD,0.0
0.8966,0.009247487423802804,DSERDHr_REV,0
0.8966,0.009247487423802804,EX_cpgn_un_e_FWD,0.0
0.8966,0.009247487423802804,EX_cpgn_un_e_REV,0
0.8966,0.009247487423802804,EX_arbtn_e_FWD,0.0
0.8966,0.009247487423802804,EX_arbtn_e_REV,0
0.8966,0.009247487423802804,ACOAD7f_FWD,-0.0
0.8966,0.009247487423802804,ACOAD7f_REV,1.0
0.8966,0.009247487423802804,ACOAD8f_FWD,0.0
0.8966,0.009247487423802804,ACOAD8f_REV,0
0.8966,0.009247487423802804,ACOAD5f_FWD,0.0
0.8966,0.009247487423802804,ACOAD5f_REV,1.0
0.8966,0.009247487423802804,ACOAD3f_FWD,0.0
0.8966,0.009247487423802804,ACOAD3f_REV,1.0
0.8966,0.009247487423802804,ACOAD6f_FWD,0.0
0.8966,0.009247487423802804,ACOAD6f_REV,1.0
0.8966,0.009247487423802804,FRULYSE_FWD,0
0.8966,0.009247487423802804,FRULYSE_REV,0
0.8966,0.009247487423802804,EX_LalaDgluMdap_e_FWD,0.0
0.8966,0.009247487423802804,EX_LalaDgluMdap_e_REV,0
0.8966,0.009247487423802804,EX_anhgm_e_FWD,0.0
0.8966,0.009247487423802804,EX_anhgm_e_REV,0
0.8966,0.009247487423802804,HACD8_FWD,1.0
0.8966,0.009247487423802804,HACD8_REV,1.0
0.8966,0.009247487423802804,ACACT8r_FWD,1.0
0.8966,0.009247487423802804,ACACT8r_REV,0.0
0.8966,0.009247487423802804,DHACOAH_FWD,1.0
0.8966,0.009247487423802804,DHACOAH_REV,1.0
0.8966,0.009247487423802804,ALDD19xr_FWD,0
0.8966,0.009247487423802804,ALDD19xr_REV,-0.0
0.8966,0.009247487423802804,VPAMTr_FWD,-0.0
0.8966,0.009247487423802804,VPAMTr_REV,1.0
0.8966,0.009247487423802804,13PPDH2_FWD,0
0.8966,0.009247487423802804,13PPDH2_REV,0.0
0.8966,0.009247487423802804,GHBDHx_FWD,0.0
0.8966,0.009247487423802804,GHBDHx_REV,0
0.8966,0.009247487423802804,APPLDHr_FWD,0.0
0.8966,0.009247487423802804,APPLDHr_REV,0
0.8966,0.009247487423802804,DHNPA2r_FWD,1.0
0.8966,0.009247487423802804,DHNPA2r_REV,0.0
0.8966,0.009247487423802804,ACOXT_FWD,0
0.8966,0.009247487423802804,ACOXT_REV,0.0
0.8966,0.009247487423802804,PCNO_FWD,0.0
0.8966,0.009247487423802804,PCNO_REV,0
0.8966,0.009247487423802804,5DKGR_FWD,0.0
0.8966,0.009247487423802804,5DKGR_REV,0
0.8966,0.009247487423802804,4HTHRA_FWD,0
0.8966,0.009247487423802804,4HTHRA_REV,0.0
0.8966,0.009247487423802804,INOSTO_FWD,0
0.8966,0.009247487423802804,INOSTO_REV,0.0
0.8966,0.009247487423802804,FORCT_FWD,0.0
0.8966,0.009247487423802804,FORCT_REV,0
0.8966,0.009247487423802804,HADPCOADH3_FWD,1.0
0.8966,0.009247487423802804,HADPCOADH3_REV,1.0
