<>,1,2,3,4,5,6,7,8,9,10,11,12
A,0.0875,0.0846,0.086,0.0879,0.089,0.0862,0.0864,0.0867,0.0904,0.0879,0.089,0.0874
B,0.1056,0.1089,0.1201,0.1218,0.1207,0.122,0.1213,0.121,0.1178,0.1227,0.1196,0.1069
C,0.1091,0.1064,0.1187,0.1192,0.1167,0.118,0.1175,0.1155,0.1165,0.117,0.1193,0.1065
D,0.1082,0.108,0.118,0.1183,0.1187,0.1181,0.1157,0.1141,0.1153,0.1198,0.116,0.1068
E,,0.1171,0.1172,0.1172,0.1166,0.1162,0.1148,0.1184,0.116,0.1209,0.1189,
F,,0.1192,0.1154,0.1186,0.1173,0.1174,0.1152,0.1149,0.1175,0.1213,0.1194,
G,,0.1166,0.1158,0.1181,0.1187,0.1173,0.1149,0.1153,0.1191,0.1207,0.1183,
H,,,,,,,,,,,,
<>,1,2,3,4,5,6,7,8,9,10,11,12
A,0.0881,0.0847,0.0864,0.0881,0.0895,0.0867,0.0862,0.0867,0.0905,0.0885,0.0893,0.087
B,0.1086,0.1124,0.125,0.1269,0.1244,0.1252,0.1241,0.1239,0.1211,0.1256,0.122,0.1106
C,0.1118,0.1091,0.1241,0.1235,0.1204,0.1216,0.121,0.1184,0.1189,0.1202,0.121,0.1092
D,0.1127,0.1115,0.1229,0.1225,0.1221,0.1211,0.1178,0.1169,0.1177,0.1211,0.1184,0.1095
E,,0.1198,0.1201,0.1195,0.1183,0.1171,0.1195,0.1239,0.1203,0.1245,0.121,
F,,0.1227,0.1184,0.1205,0.1195,0.1189,0.1198,0.1201,0.121,0.1254,0.1234,
G,,0.1198,0.1189,0.1203,0.1211,0.1194,0.1192,0.1199,0.1235,0.1245,0.1222,
H,,,,,,,,,,,,
<>,1,2,3,4,5,6,7,8,9,10,11,12
A,0.0877,0.0849,0.0868,0.0886,0.0892,0.0867,0.0865,0.0872,0.0908,0.0884,0.0892,0.0874
B,0.1122,0.1164,0.1305,0.1341,0.1302,0.1299,0.1295,0.1281,0.1267,0.1303,0.1268,0.1137
C,0.1154,0.1136,0.13,0.1294,0.1262,0.1257,0.125,0.1222,0.1223,0.1247,0.1247,0.1138
D,0.1153,0.115,0.1286,0.1293,0.128,0.1258,0.1225,0.1211,0.1221,0.126,0.1224,0.114
E,,0.1261,0.1251,0.1234,0.1227,0.1214,0.1256,0.1301,0.1267,0.131,0.1265,
F,,0.1278,0.123,0.1249,0.1232,0.1225,0.1259,0.1265,0.1264,0.1319,0.1291,
G,,0.125,0.124,0.1246,0.1254,0.1228,0.1253,0.1257,0.1312,0.1311,0.1274,
H,,,,,,,,,,,,
<>,1,2,3,4,5,6,7,8,9,10,11,12
A,0.0877,0.0849,0.0874,0.0888,0.0896,0.0869,0.0869,0.0874,0.0909,0.0884,0.0891,0.0871
B,0.1159,0.1186,0.1335,0.1413,0.1372,0.1375,0.1338,0.1335,0.1332,0.1354,0.1299,0.1159
C,0.1202,0.1172,0.1344,0.1369,0.1333,0.132,0.1305,0.1274,0.1273,0.1298,0.129,0.1161
D,0.1196,0.1191,0.133,0.1376,0.1363,0.1317,0.1282,0.1258,0.1271,0.1307,0.1263,0.1171
E,,0.1307,0.1293,0.1287,0.1268,0.1249,0.1304,0.1329,0.1347,0.1381,0.133,
F,,0.1336,0.1287,0.1305,0.128,0.1268,0.131,0.129,0.1338,0.1395,0.1346,
G,,0.1308,0.1293,0.1299,0.1292,0.1273,0.1293,0.1285,0.1388,0.1384,0.1343,
H,,,,,,,,,,,,
<>,1,2,3,4,5,6,7,8,9,10,11,12
A,0.0878,0.0849,0.088,0.0887,0.09,0.0875,0.0873,0.0876,0.0917,0.0888,0.0892,0.0873
B,0.1166,0.12,0.1361,0.147,0.1442,0.1419,0.1392,0.1385,0.1361,0.1425,0.1349,0.1173
C,0.1212,0.1208,0.1365,0.1447,0.1406,0.1383,0.1357,0.1329,0.1323,0.1351,0.1336,0.117
D,0.1208,0.1213,0.1357,0.1432,0.1424,0.1384,0.1332,0.131,0.1316,0.1361,0.1312,0.1188
E,,0.1348,0.1346,0.1342,0.1318,0.1287,0.1332,0.1344,0.1414,0.1458,0.1401,
F,,0.1382,0.1324,0.1344,0.1334,0.1306,0.1333,0.1303,0.1409,0.1467,0.1419,
G,,0.1352,0.133,0.1341,0.1365,0.1315,0.1324,0.1298,0.1452,0.1459,0.1401,
H,,,,,,,,,,,,
<>,1,2,3,4,5,6,7,8,9,10,11,12
A,0.0879,0.085,0.0876,0.0889,0.0903,0.0874,0.0874,0.0876,0.0914,0.0891,0.0893,0.0877
B,0.1156,0.122,0.1392,0.1527,0.1516,0.1489,0.1448,0.1433,0.1402,0.1486,0.1396,0.1184
C,0.1229,0.1229,0.1385,0.1524,0.1481,0.1452,0.1423,0.1378,0.1376,0.1462,0.1391,0.1183
D,0.1234,0.1234,0.1384,0.1488,0.1501,0.145,0.1388,0.1363,0.1365,0.1417,0.136,0.12
E,,0.1415,0.1402,0.1372,0.135,0.133,0.1372,0.1363,0.1484,0.1548,0.1471,
F,,0.1439,0.1377,0.1388,0.1363,0.1347,0.1365,0.1325,0.1487,0.1561,0.1502,
G,,0.1408,0.1384,0.1388,0.138,0.1352,0.1349,0.132,0.1509,0.1541,0.1477,
H,,,,,,,,,,,,
<>,1,2,3,4,5,6,7,8,9,10,11,12
A,0.0881,0.0851,0.0866,0.0885,0.0904,0.0876,0.0876,0.0878,0.0919,0.0894,0.0891,0.0879
B,0.1166,0.1234,0.1427,0.1587,0.1601,0.1568,0.1512,0.1498,0.145,0.1517,0.1445,0.1203
C,0.1251,0.1249,0.1411,0.1595,0.1566,0.1526,0.1487,0.1438,0.1431,0.1462,0.1432,0.1198
D,0.1254,0.1246,0.1415,0.1546,0.1586,0.1523,0.1452,0.1418,0.1416,0.1469,0.1398,0.1213
E,,0.1474,0.1458,0.1425,0.1397,0.137,0.1399,0.1384,0.155,0.1644,0.1549,
F,,0.1511,0.144,0.1444,0.1411,0.1388,0.1413,0.1349,0.1579,0.1648,0.1581,
G,,0.1479,0.1452,0.1441,0.1423,0.1399,0.1382,0.1339,0.157,0.1636,0.1555,
H,,,,,,,,,,,,
<>,1,2,3,4,5,6,7,8,9,10,11,12
A,0.0878,0.0849,0.0873,0.0889,0.0902,0.0873,0.0874,0.0877,0.0918,0.0891,0.0896,0.0881
B,0.1185,0.1239,0.1476,0.1655,0.1695,0.1653,0.1581,0.1552,0.1519,0.1577,0.149,0.123
C,0.127,0.1259,0.145,0.1656,0.1665,0.1616,0.1548,0.1498,0.1491,0.1524,0.1484,0.1223
D,0.1265,0.1256,0.146,0.1615,0.1679,0.161,0.1516,0.1487,0.1476,0.1526,0.1446,0.124
E,,0.154,0.1518,0.1481,0.1442,0.1428,0.1425,0.1423,0.1632,0.1744,0.1646,
F,,0.1577,0.1503,0.15,0.1459,0.1431,0.143,0.1387,0.1654,0.1761,0.1684,
G,,0.1542,0.1504,0.1505,0.147,0.1436,0.1435,0.1373,0.1636,0.1746,0.1651,
H,,,,,,,,,,,,
<>,1,2,3,4,5,6,7,8,9,10,11,12
A,0.0875,0.085,0.0862,0.0888,0.0897,0.0872,0.0874,0.0877,0.0923,0.0889,0.0893,0.088
B,0.1209,0.1241,0.154,0.1739,0.1809,0.1745,0.167,0.1622,0.1569,0.1643,0.1545,0.1279
C,0.1306,0.126,0.1512,0.1742,0.1777,0.1713,0.163,0.1571,0.1557,0.1584,0.153,0.1256
D,0.1311,0.1277,0.1524,0.1702,0.1783,0.1711,0.1598,0.1555,0.1551,0.1591,0.1493,0.1283
E,,0.1618,0.159,0.1535,0.149,0.1457,0.1457,0.1479,0.1718,0.1866,0.1758,
F,,0.1657,0.1574,0.156,0.1509,0.1477,0.1477,0.1439,0.1758,0.1897,0.1801,
G,,0.1623,0.1593,0.1563,0.152,0.1482,0.1469,0.1428,0.1724,0.1873,0.1753,
H,,,,,,,,,,,,
<>,1,2,3,4,5,6,7,8,9,10,11,12
A,0.088,0.0848,0.0863,0.0894,0.0895,0.0868,0.0873,0.0873,0.0924,0.0889,0.0889,0.0882
B,0.1238,0.126,0.1619,0.1843,0.1938,0.1868,0.1781,0.1721,0.1636,0.1716,0.1618,0.1319
C,0.1338,0.1266,0.1588,0.1854,0.1907,0.1835,0.1727,0.1662,0.1639,0.1674,0.1591,0.131
D,0.1357,0.1295,0.1595,0.181,0.1906,0.1837,0.1703,0.1644,0.1608,0.1669,0.1549,0.133
E,,0.1724,0.1673,0.1613,0.1549,0.1506,0.149,0.1547,0.183,0.2012,0.1892,
F,,0.1759,0.1662,0.1639,0.1571,0.1539,0.1526,0.15,0.1868,0.2043,0.1954,
G,,0.1717,0.1675,0.1631,0.1591,0.1533,0.1503,0.1501,0.1828,0.2021,0.1875,
H,,,,,,,,,,,,
<>,1,2,3,4,5,6,7,8,9,10,11,12
A,0.0877,0.0845,0.0863,0.0894,0.0894,0.0868,0.0875,0.0875,0.0921,0.089,0.0888,0.0882
B,0.1295,0.128,0.172,0.1963,0.2097,0.2013,0.1892,0.1831,0.175,0.1828,0.1699,0.1387
C,0.1396,0.1283,0.1678,0.1986,0.206,0.1985,0.1845,0.1762,0.1736,0.1753,0.1659,0.1364
D,0.142,0.1283,0.1692,0.1934,0.2061,0.1974,0.1812,0.1751,0.1703,0.1756,0.1645,0.1391
E,,0.1839,0.1787,0.171,0.1619,0.1564,0.1519,0.1636,0.1957,0.2177,0.2046,
F,,0.1896,0.1763,0.172,0.1636,0.1607,0.1534,0.1583,0.2015,0.2207,0.2132,
G,,0.1841,0.1774,0.1709,0.1662,0.1584,0.1573,0.1577,0.1957,0.219,0.2021,
H,,,,,,,,,,,,
<>,1,2,3,4,5,6,7,8,9,10,11,12
A,0.0874,0.0848,0.0861,0.0895,0.0895,0.0868,0.0871,0.0873,0.0928,0.0885,0.0887,0.0876
B,0.1332,0.1325,0.1839,0.2103,0.2259,0.217,0.2027,0.1959,0.1864,0.1949,0.1763,0.1442
C,0.1456,0.1304,0.1758,0.2131,0.2218,0.2144,0.1986,0.1887,0.186,0.1864,0.1731,0.1431
D,0.1506,0.131,0.178,0.2081,0.221,0.213,0.1953,0.1876,0.1812,0.1863,0.1717,0.1452
E,,0.1982,0.1911,0.1772,0.1705,0.1626,0.1565,0.1719,0.2097,0.2349,0.2211,
F,,0.2037,0.1888,0.1825,0.1718,0.1677,0.1603,0.169,0.2183,0.2392,0.2326,
G,,0.1974,0.1892,0.1815,0.1727,0.1645,0.1585,0.1669,0.2091,0.2361,0.218,
H,,,,,,,,,,,,
<>,1,2,3,4,5,6,7,8,9,10,11,12
A,0.0881,0.0845,0.0861,0.0893,0.0899,0.0865,0.0869,0.0872,0.0926,0.0893,0.089,0.0871
B,0.1394,0.1341,0.1968,0.2253,0.2438,0.2338,0.218,0.2102,0.201,0.206,0.1853,0.1519
C,0.1495,0.1341,0.1869,0.2312,0.2392,0.2322,0.2131,0.203,0.2012,0.1994,0.182,0.1496
D,0.1605,0.1328,0.1866,0.2238,0.2376,0.2305,0.2099,0.201,0.1923,0.1981,0.1774,0.1533
E,,0.2136,0.2062,0.1883,0.1786,0.1706,0.1626,0.1833,0.2256,0.253,0.2386,
F,,0.2206,0.2025,0.196,0.1806,0.1758,0.1626,0.179,0.2348,0.2585,0.2533,
G,,0.2129,0.2036,0.1932,0.1833,0.1718,0.1625,0.1766,0.2239,0.2539,0.2346,
H,,,,,,,,,,,,
<>,1,2,3,4,5,6,7,8,9,10,11,12
A,0.088,0.0853,0.0865,0.0897,0.09,0.0866,0.0868,0.0872,0.092,0.089,0.0889,0.0873
B,0.1455,0.1386,0.2119,0.2422,0.2638,0.2531,0.2354,0.2279,0.2137,0.2208,0.1961,0.1591
C,0.1564,0.1365,0.201,0.2491,0.2583,0.2512,0.2294,0.2183,0.216,0.214,0.1919,0.1581
D,0.169,0.1317,0.1955,0.2415,0.2567,0.2489,0.226,0.2165,0.2063,0.2122,0.1873,0.1599
E,,0.2301,0.2217,0.2006,0.1889,0.1785,0.1674,0.1952,0.2417,0.2717,0.258,
F,,0.2375,0.2174,0.2088,0.1905,0.1849,0.169,0.1895,0.2501,0.2793,0.2745,
G,,0.2295,0.2182,0.207,0.1912,0.1794,0.1713,0.1864,0.2388,0.2729,0.2529,
H,,,,,,,,,,,,
<>,1,2,3,4,5,6,7,8,9,10,11,12
A,0.088,0.0845,0.0862,0.0904,0.0892,0.0865,0.0867,0.0871,0.0924,0.0886,0.0887,0.0871
B,0.1554,0.1418,0.2276,0.2599,0.286,0.2744,0.2536,0.2457,0.23,0.2362,0.2097,0.1703
C,0.1627,0.1384,0.2139,0.2694,0.2788,0.2741,0.2475,0.2362,0.233,0.2294,0.2036,0.1628
D,0.1818,0.1313,0.2034,0.2591,0.2771,0.2703,0.2438,0.234,0.2192,0.2275,0.1995,0.1696
E,,0.2482,0.2391,0.2165,0.1995,0.1884,0.1752,0.2071,0.259,0.2898,0.2785,
F,,0.255,0.2337,0.2239,0.2016,0.1949,0.1766,0.2005,0.2666,0.2999,0.2961,
G,,0.2462,0.2351,0.2222,0.2018,0.1885,0.1772,0.195,0.2544,0.292,0.273,
H,,,,,,,,,,,,
<>,1,2,3,4,5,6,7,8,9,10,11,12
A,0.0878,0.0844,0.0862,0.0909,0.0891,0.0864,0.0867,0.0873,0.0915,0.0888,0.0887,0.0874
B,0.1668,0.1441,0.243,0.2762,0.3088,0.2992,0.2755,0.2655,0.2504,0.256,0.2223,0.1796
C,0.1678,0.1427,0.2289,0.2885,0.3015,0.2963,0.268,0.2556,0.2534,0.2484,0.2165,0.1674
D,0.1932,0.1293,0.2092,0.2784,0.2991,0.2922,0.264,0.2534,0.2354,0.2454,0.213,0.1814
E,,0.2675,0.2579,0.2319,0.2135,0.1985,0.1815,0.2204,0.2764,0.3079,0.2996,
F,,0.2757,0.252,0.2401,0.2153,0.2082,0.1851,0.2122,0.2827,0.32,0.318,
G,,0.2655,0.253,0.2374,0.2156,0.1988,0.1863,0.201,0.2678,0.3113,0.2913,
H,,,,,,,,,,,,
<>,1,2,3,4,5,6,7,8,9,10,11,12
A,0.0878,0.0848,0.0866,0.0898,0.0892,0.0867,0.0866,0.0868,0.0913,0.0887,0.0885,0.0877
B,0.1805,0.1502,0.2608,0.29,0.3331,0.3227,0.2985,0.2887,0.2679,0.2755,0.2385,0.1904
C,0.1704,0.1458,0.2474,0.3068,0.3248,0.3205,0.2911,0.2792,0.2762,0.2688,0.2311,0.1675
D,0.206,0.1261,0.2112,0.298,0.3234,0.3175,0.2871,0.2746,0.2546,0.2656,0.2295,0.1893
E,,0.2906,0.2799,0.25,0.2274,0.211,0.1888,0.2355,0.2946,0.3228,0.3206,
F,,0.2977,0.2741,0.2601,0.2311,0.2237,0.1931,0.2193,0.2975,0.3393,0.335,
G,,0.288,0.2741,0.2552,0.2282,0.2098,0.193,0.2006,0.2801,0.3276,0.3125,
H,,,,,,,,,,,,
<>,1,2,3,4,5,6,7,8,9,10,11,12
A,0.0878,0.0844,0.0861,0.0897,0.0891,0.0862,0.0866,0.0874,0.0907,0.0888,0.0887,0.0872
B,0.1932,0.1553,0.2824,0.3009,0.3568,0.3475,0.3238,0.3122,0.2894,0.2983,0.2551,0.2026
C,0.1691,0.1518,0.265,0.3215,0.3489,0.3475,0.3159,0.3023,0.3006,0.2908,0.2482,0.1627
D,0.2198,0.1201,0.2079,0.3127,0.3471,0.3427,0.3108,0.2975,0.2753,0.2877,0.2457,0.2015
E,,0.315,0.3041,0.269,0.2438,0.2253,0.1973,0.2495,0.312,0.3357,0.3411,
F,,0.3214,0.2953,0.2804,0.2466,0.2373,0.2011,0.2219,0.3067,0.355,0.3504,
G,,0.3118,0.2966,0.2743,0.2443,0.2222,0.205,0.1956,0.2889,0.3396,0.3303,
H,,,,,,,,,,,,
<>,1,2,3,4,5,6,7,8,9,10,11,12
A,0.0878,0.0845,0.087,0.0893,0.0893,0.0866,0.0872,0.0884,0.091,0.0885,0.0886,0.087
B,0.2071,0.1624,0.3046,0.3085,0.382,0.3732,0.3509,0.3369,0.3157,0.323,0.2765,0.213
C,0.1629,0.1582,0.2816,0.3332,0.3714,0.3737,0.3419,0.3286,0.3279,0.3164,0.2671,0.1538
D,0.2305,0.1145,0.2005,0.326,0.3714,0.3697,0.3372,0.3227,0.2986,0.3129,0.2621,0.2098
E,,0.3405,0.3308,0.2903,0.2625,0.2406,0.2081,0.2611,0.3292,0.3427,0.3571,
F,,0.3485,0.321,0.3037,0.2658,0.2577,0.2126,0.217,0.3148,0.3675,0.3632,
G,,0.3377,0.3215,0.2957,0.2629,0.2368,0.2112,0.1846,0.2953,0.3471,0.3438,
H,,,,,,,,,,,,
<>,1,2,3,4,5,6,7,8,9,10,11,12
A,0.0886,0.0847,0.0863,0.0896,0.0895,0.0873,0.0874,0.0884,0.091,0.089,0.0887,0.0872
B,0.2237,0.1701,0.3301,0.3115,0.4056,0.3982,0.3758,0.3667,0.3454,0.3551,0.2993,0.2273
C,0.1544,0.1644,0.302,0.3405,0.3945,0.399,0.3675,0.3551,0.3549,0.3437,0.2867,0.1457
D,0.2444,0.11,0.1883,0.3386,0.3954,0.3947,0.3631,0.3505,0.3228,0.3383,0.2845,0.2169
E,,0.3688,0.3577,0.3169,0.2839,0.258,0.2207,0.2703,0.3475,0.349,0.3727,
F,,0.3745,0.3474,0.3277,0.2868,0.2735,0.2232,0.2039,0.3205,0.3765,0.373,
G,,0.3647,0.3485,0.3233,0.2817,0.2524,0.2238,0.1726,0.2992,0.3503,0.3514,
H,,,,,,,,,,,,
<>,1,2,3,4,5,6,7,8,9,10,11,12
A,0.0879,0.0847,0.0866,0.0883,0.0897,0.0866,0.0867,0.0871,0.0909,0.0893,0.0892,0.0872
B,0.2346,0.1753,0.3519,0.3097,0.4288,0.4198,0.4006,0.3933,0.3724,0.3811,0.3223,0.2419
C,0.1446,0.1715,0.3235,0.3447,0.4168,0.4218,0.3932,0.3838,0.3873,0.3738,0.3099,0.1381
D,0.2557,0.1046,0.1779,0.3501,0.4168,0.4189,0.3871,0.3788,0.3496,0.3678,0.3044,0.2241
E,,0.3948,0.3869,0.342,0.3074,0.2781,0.2312,0.2738,0.3667,0.3551,0.3872,
F,,0.4012,0.3764,0.3569,0.3106,0.2966,0.2363,0.1931,0.3263,0.3858,0.3841,
G,,0.3921,0.3773,0.3508,0.3052,0.2701,0.2394,0.1626,0.3027,0.3536,0.3573,
H,,,,,,,,,,,,
<>,1,2,3,4,5,6,7,8,9,10,11,12
A,0.088,0.0847,0.0867,0.0888,0.0893,0.0866,0.0868,0.0873,0.0908,0.0886,0.0887,0.0872
B,0.2497,0.1835,0.3793,0.3081,0.4248,0.4216,0.425,0.4195,0.4027,0.4158,0.3485,0.2586
C,0.1372,0.1774,0.3448,0.3479,0.4192,0.4279,0.417,0.4106,0.4188,0.4055,0.3353,0.1326
D,0.2722,0.106,0.1703,0.365,0.4213,0.4275,0.4096,0.4078,0.3801,0.4004,0.332,0.2285
E,,0.4204,0.4163,0.3723,0.334,0.3016,0.2464,0.2736,0.3864,0.3632,0.4048,
F,,0.4272,0.404,0.386,0.3366,0.3212,0.25,0.1834,0.333,0.3956,0.3964,
G,,0.4181,0.4057,0.3762,0.3293,0.2915,0.254,0.155,0.3074,0.3577,0.363,
H,,,,,,,,,,,,
<>,1,2,3,4,5,6,7,8,9,10,11,12
A,0.0882,0.0846,0.0864,0.0889,0.0895,0.0872,0.0866,0.0874,0.0909,0.0886,0.0886,0.0871
B,0.2661,0.1927,0.4092,0.3065,0.4267,0.4224,0.4145,0.444,0.4315,0.4493,0.3747,0.2774
C,0.1317,0.1853,0.3671,0.3507,0.4207,0.4274,0.4126,0.4369,0.4495,0.437,0.3632,0.1291
D,0.2869,0.1051,0.1633,0.3696,0.4244,0.4273,0.4087,0.4351,0.4072,0.4298,0.3572,0.2308
E,,0.4262,0.4455,0.3991,0.3613,0.3247,0.2597,0.2706,0.3951,0.3734,0.4144,
F,,0.4333,0.4318,0.4143,0.3639,0.3496,0.2639,0.1763,0.3405,0.4013,0.4098,
G,,0.4293,0.4321,0.4072,0.3582,0.3126,0.2687,0.1507,0.3129,0.3631,0.3714,
H,,,,,,,,,,,,
<>,1,2,3,4,5,6,7,8,9,10,11,12
A,0.0884,0.0846,0.0871,0.0882,0.0892,0.0873,0.0865,0.0876,0.0912,0.0897,0.0892,0.0876
B,0.2829,0.2002,0.4336,0.3078,0.4257,0.4243,0.414,0.4346,0.4622,0.4764,0.4055,0.2928
C,0.1284,0.1925,0.3938,0.3465,0.4218,0.429,0.4107,0.4286,0.4803,0.4694,0.3913,0.1263
D,0.3049,0.1046,0.1591,0.3702,0.4245,0.4293,0.4074,0.4289,0.4372,0.4616,0.3883,0.2332
E,,0.4267,0.4404,0.4279,0.3904,0.3519,0.2747,0.2661,0.3999,0.3797,0.4273,
F,,0.4322,0.431,0.4414,0.3931,0.3761,0.2825,0.1716,0.3507,0.4057,0.419,
G,,0.4271,0.4372,0.4351,0.3865,0.3377,0.2846,0.1462,0.3203,0.3663,0.3776,
H,,,,,,,,,,,,
<>,1,2,3,4,5,6,7,8,9,10,11,12
A,0.0882,0.0846,0.0866,0.0882,0.0893,0.0874,0.0867,0.0872,0.0913,0.0886,0.089,0.0872
B,0.3027,0.2132,0.4531,0.3111,0.4255,0.426,0.4159,0.4355,0.4608,0.5117,0.4334,0.3123
C,0.1249,0.1973,0.4176,0.3435,0.4234,0.4321,0.4109,0.4279,0.4792,0.5027,0.421,0.1243
D,0.3252,0.1025,0.1559,0.3701,0.4261,0.4312,0.4074,0.4268,0.4452,0.4948,0.4176,0.235
E,,0.427,0.4378,0.4491,0.4186,0.38,0.293,0.2611,0.4032,0.3837,0.4356,
F,,0.4324,0.4279,0.4504,0.4205,0.4039,0.2994,0.1666,0.3533,0.4076,0.4235,
G,,0.4277,0.4344,0.4532,0.4155,0.363,0.302,0.1429,0.3287,0.3689,0.3845,
H,,,,,,,,,,,,
<>,1,2,3,4,5,6,7,8,9,10,11,12
A,0.0883,0.0847,0.0868,0.0885,0.09,0.0872,0.0867,0.0879,0.0917,0.0888,0.0894,0.0874
B,0.3264,0.2185,0.4656,0.3074,0.4255,0.4306,0.4215,0.4368,0.4613,0.5243,0.4644,0.3315
C,0.1234,0.1964,0.4358,0.3412,0.4255,0.4374,0.4137,0.4301,0.4804,0.5186,0.452,0.1233
D,0.3456,0.103,0.1531,0.3685,0.4282,0.4369,0.4095,0.4298,0.4478,0.5127,0.447,0.2354
E,,0.4299,0.438,0.4505,0.4532,0.4092,0.312,0.2583,0.4035,0.3877,0.4431,
F,,0.4344,0.4285,0.4536,0.451,0.4385,0.3183,0.1634,0.3515,0.4115,0.4292,
G,,0.4288,0.4357,0.4524,0.445,0.3883,0.3191,0.1406,0.3282,0.3696,0.3845,
H,,,,,,,,,,,,
<>,1,2,3,4,5,6,7,8,9,10,11,12
A,0.0885,0.0846,0.087,0.0884,0.09,0.0871,0.0866,0.0875,0.0911,0.0887,0.0887,0.0872
B,0.3494,0.2312,0.4668,0.3051,0.4283,0.4363,0.4298,0.4408,0.4638,0.5308,0.4987,0.3493
C,0.1216,0.184,0.4396,0.3393,0.4278,0.4437,0.4184,0.4333,0.4799,0.525,0.4835,0.1217
D,0.3671,0.1016,0.1502,0.3658,0.431,0.4409,0.4154,0.4308,0.4496,0.519,0.4792,0.2368
E,,0.4353,0.4399,0.4518,0.4617,0.4389,0.3315,0.2563,0.4027,0.3924,0.4469,
F,,0.4369,0.4297,0.4539,0.4639,0.4653,0.3382,0.1605,0.3521,0.4119,0.4329,
G,,0.4316,0.4359,0.4521,0.4623,0.4149,0.3343,0.1384,0.3271,0.3726,0.385,
H,,,,,,,,,,,,
<>,1,2,3,4,5,6,7,8,9,10,11,12
A,0.0875,0.0847,0.0864,0.0886,0.0899,0.0871,0.0866,0.0878,0.0908,0.0886,0.0888,0.0875
B,0.3684,0.2409,0.4685,0.3044,0.4314,0.4425,0.4393,0.4465,0.4661,0.5393,0.5252,0.3636
C,0.1204,0.1656,0.4415,0.3389,0.4318,0.4505,0.425,0.4389,0.484,0.5322,0.5138,0.1205
D,0.3795,0.1022,0.1488,0.3636,0.4344,0.4472,0.4222,0.4367,0.449,0.5265,0.5114,0.2374
E,,0.4442,0.4443,0.4554,0.4669,0.4752,0.3515,0.2534,0.4006,0.3964,0.448,
F,,0.4449,0.4337,0.4562,0.4708,0.4996,0.3563,0.1585,0.3518,0.4152,0.4359,
G,,0.4373,0.4388,0.453,0.4695,0.4445,0.3507,0.1377,0.3281,0.377,0.3849,
H,,,,,,,,,,,,
<>,1,2,3,4,5,6,7,8,9,10,11,12
A,0.0875,0.0854,0.0863,0.0894,0.09,0.0872,0.0866,0.0878,0.0908,0.089,0.0887,0.0877
B,0.3827,0.2535,0.4686,0.3023,0.4358,0.4545,0.4509,0.4554,0.4719,0.5463,0.5371,0.3731
C,0.1192,0.1465,0.4457,0.3375,0.4355,0.4598,0.4336,0.4457,0.4883,0.5384,0.5245,0.1185
D,0.3774,0.1012,0.1469,0.3622,0.4396,0.4544,0.4333,0.4451,0.454,0.533,0.52,0.2382
E,,0.4526,0.45,0.4578,0.4713,0.4873,0.3695,0.2566,0.4,0.4006,0.4469,
F,,0.4511,0.4394,0.4591,0.4761,0.5147,0.3728,0.156,0.3528,0.417,0.4371,
G,,0.441,0.4434,0.4554,0.4747,0.4689,0.3651,0.1363,0.3281,0.3807,0.3831,
H,,,,,,,,,,,,
<>,1,2,3,4,5,6,7,8,9,10,11,12
A,0.0877,0.086,0.0867,0.0893,0.0898,0.0866,0.0866,0.0877,0.0911,0.0901,0.0887,0.0875
B,0.3923,0.2653,0.4703,0.3038,0.4417,0.4639,0.462,0.4651,0.4758,0.5529,0.546,0.3733
C,0.1177,0.1341,0.4506,0.3371,0.441,0.4706,0.4439,0.4538,0.4945,0.5453,0.5344,0.1163
D,0.3753,0.1014,0.146,0.361,0.4448,0.4622,0.4434,0.4527,0.4582,0.5399,0.5294,0.2412
E,,0.464,0.4569,0.4621,0.4769,0.4983,0.3801,0.2593,0.3975,0.4053,0.4481,
F,,0.46,0.4461,0.469,0.4805,0.5228,0.3741,0.1556,0.3532,0.4197,0.4374,
G,,0.4448,0.445,0.4594,0.4754,0.4821,0.3743,0.1355,0.3302,0.3853,0.3832,
H,,,,,,,,,,,,
<>,1,2,3,4,5,6,7,8,9,10,11,12
A,0.0876,0.0865,0.0871,0.0883,0.0906,0.0874,0.0868,0.0873,0.0907,0.089,0.0892,0.0874
B,0.3974,0.2767,0.4703,0.3053,0.4476,0.4764,0.4739,0.4704,0.4842,0.5593,0.5535,0.3691
C,0.1164,0.1274,0.4536,0.3367,0.4462,0.4821,0.4568,0.4625,0.5012,0.5521,0.546,0.1198
D,0.3665,0.1011,0.1451,0.3607,0.4499,0.4713,0.4581,0.4619,0.4651,0.5472,0.5388,0.2446
E,,0.4757,0.4658,0.4681,0.4827,0.5072,0.3782,0.2615,0.3976,0.4094,0.4485,
F,,0.4704,0.4537,0.4735,0.4869,0.5347,0.3617,0.1545,0.3544,0.4221,0.438,
G,,0.4546,0.449,0.4672,0.4809,0.4931,0.3667,0.1348,0.3308,0.3897,0.3838,
H,,,,,,,,,,,,
<>,1,2,3,4,5,6,7,8,9,10,11,12
A,0.0874,0.0853,0.0866,0.089,0.0902,0.087,0.0866,0.0883,0.0904,0.0889,0.0887,0.0875
B,0.3983,0.3016,0.4695,0.3061,0.4631,0.4882,0.4857,0.4809,0.4922,0.5655,0.5603,0.3625
C,0.115,0.1231,0.4572,0.3359,0.4614,0.4955,0.4692,0.4729,0.5093,0.5578,0.5528,0.1141
D,0.3578,0.1006,0.1452,0.3615,0.4675,0.4795,0.4724,0.4708,0.4716,0.5524,0.5477,0.2513
E,,0.4894,0.475,0.4747,0.4847,0.515,0.37,0.2563,0.3961,0.4133,0.4501,
F,,0.4826,0.462,0.4821,0.4942,0.5361,0.3408,0.1547,0.3552,0.4249,0.4377,
G,,0.4629,0.4586,0.4695,0.485,0.5001,0.3436,0.1334,0.333,0.3952,0.3861,
H,,,,,,,,,,,,
<>,1,2,3,4,5,6,7,8,9,10,11,12
A,0.0881,0.0852,0.0865,0.0884,0.0894,0.0868,0.0867,0.0879,0.0907,0.089,0.0893,0.0876
B,0.3957,0.3177,0.4656,0.3058,0.4796,0.5142,0.4964,0.4908,0.5004,0.5713,0.5653,0.3525
C,0.1149,0.1208,0.4597,0.3358,0.4749,0.5188,0.4824,0.4821,0.5165,0.564,0.5596,0.1129
D,0.3522,0.1008,0.1435,0.3617,0.4811,0.5019,0.484,0.4826,0.4817,0.56,0.5515,0.2602
E,,0.5028,0.4853,0.4819,0.492,0.5227,0.3643,0.2618,0.396,0.4182,0.452,
F,,0.4947,0.4707,0.493,0.5006,0.5447,0.326,0.1533,0.3562,0.4281,0.4389,
G,,0.4745,0.4691,0.477,0.4898,0.5078,0.3288,0.1322,0.3358,0.3999,0.3899,
H,,,,,,,,,,,,
<>,1,2,3,4,5,6,7,8,9,10,11,12
A,0.0876,0.0852,0.087,0.0885,0.0896,0.0877,0.0872,0.0878,0.0907,0.0886,0.0887,0.0875
B,0.3902,0.3372,0.4653,0.3045,0.4849,0.5288,0.5104,0.4974,0.5058,0.5769,0.5698,0.3454
C,0.1141,0.119,0.4615,0.3351,0.4822,0.5359,0.5013,0.4926,0.5199,0.5711,0.5646,0.117
D,0.3483,0.1004,0.1442,0.3625,0.4918,0.5183,0.5031,0.4927,0.4898,0.565,0.5575,0.2668
E,,0.5187,0.4971,0.4889,0.4986,0.5266,0.3538,0.2563,0.3959,0.4232,0.4543,
F,,0.5086,0.4802,0.4943,0.5086,0.5449,0.3197,0.1527,0.3594,0.4311,0.4405,
G,,0.4865,0.4805,0.488,0.5012,0.5135,0.3231,0.1306,0.3386,0.4052,0.393,
H,,,,,,,,,,,,
<>,1,2,3,4,5,6,7,8,9,10,11,12
A,0.0885,0.0857,0.0873,0.0884,0.0898,0.0869,0.0867,0.0881,0.091,0.0887,0.089,0.0876
B,0.3872,0.3543,0.4646,0.3027,0.4891,0.5291,0.5331,0.5035,0.5134,0.5826,0.5741,0.339
C,0.1143,0.1178,0.4637,0.3346,0.4862,0.5381,0.5238,0.5028,0.525,0.5772,0.5703,0.113
D,0.3465,0.1006,0.1412,0.363,0.4962,0.5248,0.5264,0.5025,0.4981,0.5716,0.5629,0.275
E,,0.5434,0.5082,0.4969,0.5059,0.531,0.3483,0.2579,0.3977,0.428,0.458,
F,,0.5245,0.49,0.5002,0.5138,0.5499,0.3178,0.1551,0.3625,0.4355,0.443,
G,,0.5015,0.4939,0.5004,0.5134,0.5241,0.3198,0.1289,0.3422,0.41,0.3958,
H,,,,,,,,,,,,
<>,1,2,3,4,5,6,7,8,9,10,11,12
A,0.0875,0.0857,0.0869,0.0885,0.0894,0.087,0.0868,0.0871,0.0906,0.089,0.0889,0.0875
B,0.3871,0.3711,0.4638,0.298,0.4901,0.5261,0.5385,0.5124,0.5204,0.5882,0.5783,0.3344
C,0.1133,0.1165,0.4637,0.3344,0.484,0.5365,0.5313,0.5119,0.5281,0.5824,0.5737,0.1124
D,0.3454,0.1007,0.141,0.3646,0.498,0.5273,0.5335,0.5131,0.5075,0.5786,0.5681,0.2832
E,,0.5587,0.5189,0.5058,0.5096,0.5371,0.3419,0.2599,0.3991,0.4332,0.46,
F,,0.5459,0.4993,0.5047,0.5209,0.5457,0.32,0.1568,0.3661,0.4389,0.4432,
G,,0.5215,0.5067,0.511,0.5235,0.5344,0.3194,0.1275,0.3458,0.4151,0.4002,
H,,,,,,,,,,,,
<>,1,2,3,4,5,6,7,8,9,10,11,12
A,0.0877,0.0848,0.0869,0.0883,0.0894,0.0867,0.0869,0.0876,0.0909,0.089,0.0887,0.0873
B,0.3818,0.386,0.4643,0.2965,0.4905,0.5227,0.5327,0.5226,0.5266,0.5941,0.5829,0.3309
C,0.1137,0.1161,0.4621,0.3347,0.4827,0.5341,0.5334,0.5215,0.5365,0.5893,0.5781,0.1123
D,0.344,0.1005,0.1401,0.3666,0.4964,0.5284,0.5315,0.5231,0.5178,0.5852,0.5698,0.2913
E,,0.5648,0.5302,0.516,0.5145,0.5432,0.3383,0.262,0.4016,0.4385,0.4631,
F,,0.5592,0.5105,0.5116,0.5251,0.5488,0.3234,0.1488,0.3708,0.4431,0.4457,
G,,0.5348,0.5173,0.5265,0.5395,0.5404,0.3231,0.1261,0.3503,0.4204,0.4027,
H,,,,,,,,,,,,
<>,1,2,3,4,5,6,7,8,9,10,11,12
A,0.0878,0.0846,0.087,0.0892,0.0897,0.0869,0.0868,0.0879,0.0915,0.0897,0.0891,0.0873
B,0.3818,0.397,0.4656,0.2939,0.4921,0.5214,0.5251,0.5287,0.5325,0.6,0.5883,0.3288
C,0.1133,0.1155,0.4623,0.3363,0.4789,0.5343,0.5331,0.5315,0.542,0.5958,0.5821,0.1136
D,0.3442,0.1006,0.1393,0.3685,0.4928,0.5302,0.5302,0.5321,0.5276,0.5917,0.5751,0.295
E,,0.5649,0.5416,0.5241,0.5223,0.5486,0.3372,0.2659,0.4045,0.4432,0.4663,
F,,0.5627,0.52,0.5222,0.5369,0.55,0.3278,0.1492,0.3742,0.4464,0.4483,
G,,0.5373,0.5284,0.5394,0.5511,0.5489,0.3267,0.1253,0.3545,0.4249,0.4059,
H,,,,,,,,,,,,
<>,1,2,3,4,5,6,7,8,9,10,11,12
A,0.0876,0.0856,0.0865,0.0888,0.0897,0.0871,0.087,0.0872,0.0908,0.0895,0.0889,0.0874
B,0.3797,0.3885,0.4675,0.2932,0.4907,0.5215,0.5176,0.5388,0.5406,0.6054,0.5925,0.3273
C,0.1134,0.1153,0.4711,0.3383,0.4746,0.5342,0.5301,0.5483,0.5482,0.6027,0.5895,0.1128
D,0.3471,0.1001,0.1387,0.3711,0.4874,0.5309,0.5281,0.5479,0.5354,0.5984,0.5803,0.2996
E,,0.5649,0.5592,0.536,0.5303,0.5533,0.3371,0.2708,0.4072,0.4482,0.4696,
F,,0.5651,0.5321,0.5295,0.5444,0.5558,0.3313,0.1482,0.3784,0.4505,0.4501,
G,,0.5356,0.5404,0.5497,0.5633,0.5563,0.3313,0.1241,0.36,0.4302,0.4093,
H,,,,,,,,,,,,
<>,1,2,3,4,5,6,7,8,9,10,11,12
A,0.0876,0.0848,0.0864,0.0884,0.0901,0.0872,0.0867,0.0871,0.0911,0.0892,0.0888,0.0873
B,0.3774,0.381,0.4687,0.2933,0.4911,0.5206,0.5163,0.555,0.5493,0.6116,0.5957,0.3255
C,0.1137,0.1149,0.4767,0.3403,0.4679,0.5335,0.5285,0.5613,0.5528,0.6106,0.5931,0.113
D,0.3522,0.0998,0.138,0.3743,0.4819,0.5304,0.5264,0.5623,0.5455,0.6065,0.5871,0.3007
E,,0.5583,0.5757,0.5431,0.5429,0.558,0.3396,0.2762,0.4107,0.4532,0.4729,
F,,0.5631,0.55,0.5433,0.5522,0.5589,0.3332,0.1484,0.3832,0.4544,0.4532,
G,,0.531,0.5536,0.5618,0.5736,0.5676,0.3346,0.1229,0.364,0.4349,0.4121,
H,,,,,,,,,,,,
<>,1,2,3,4,5,6,7,8,9,10,11,12
A,0.0878,0.0861,0.0871,0.0884,0.0895,0.0871,0.0871,0.0872,0.0907,0.0898,0.0889,0.0872
B,0.3745,0.3762,0.4679,0.2931,0.4895,0.5199,0.5148,0.5665,0.5561,0.6163,0.6001,0.3257
C,0.1141,0.1144,0.4805,0.342,0.46,0.5325,0.5286,0.5686,0.5561,0.6161,0.5969,0.1138
D,0.3593,0.0996,0.1374,0.3774,0.4752,0.5297,0.5239,0.5736,0.5521,0.6121,0.5883,0.2991
E,,0.5532,0.5871,0.5526,0.5506,0.5589,0.3375,0.2821,0.4141,0.4575,0.4761,
F,,0.5629,0.5631,0.549,0.5635,0.5626,0.3339,0.1487,0.3869,0.4578,0.4557,
G,,0.5249,0.5694,0.5708,0.5807,0.5713,0.3741,0.122,0.3691,0.4396,0.4156,
H,,,,,,,,,,,,
<>,1,2,3,4,5,6,7,8,9,10,11,12
A,0.0875,0.086,0.0872,0.089,0.0895,0.0872,0.0869,0.0873,0.0908,0.0903,0.089,0.0874
B,0.3724,0.3765,0.4714,0.2946,0.4892,0.5198,0.5106,0.5727,0.5608,0.6214,0.6045,0.3273
C,0.1138,0.1148,0.486,0.3453,0.4539,0.531,0.5245,0.5747,0.5666,0.6227,0.6025,0.1143
D,0.367,0.0998,0.1368,0.3811,0.4668,0.5295,0.5214,0.5807,0.56,0.6172,0.5948,0.298
E,,0.5501,0.5942,0.5586,0.5596,0.5625,0.3379,0.2875,0.4174,0.4624,0.4792,
F,,0.5589,0.5734,0.5572,0.5709,0.5614,0.334,0.1497,0.391,0.4612,0.4585,
G,,0.5212,0.5847,0.5805,0.5909,0.5792,0.3373,0.1215,0.374,0.4447,0.4192,
H,,,,,,,,,,,,
<>,1,2,3,4,5,6,7,8,9,10,11,12
A,0.0876,0.0868,0.0869,0.0884,0.0899,0.0873,0.0867,0.0879,0.0907,0.0903,0.0888,0.0877
B,0.3701,0.3747,0.4733,0.2971,0.487,0.5175,0.5115,0.5745,0.567,0.6257,0.6084,0.3304
C,0.1141,0.1136,0.4914,0.3479,0.4473,0.5288,0.5225,0.5789,0.5686,0.6281,0.6086,0.1257
D,0.3743,0.0988,0.1362,0.3844,0.4579,0.5283,0.5202,0.584,0.5678,0.6228,0.5981,0.2978
E,,0.5477,0.6003,0.5662,0.5683,0.5651,0.3381,0.2938,0.4213,0.4675,0.4826,
F,,0.5562,0.5806,0.5642,0.5765,0.5706,0.3348,0.1474,0.3959,0.4646,0.4622,
G,,0.5178,0.5954,0.5892,0.5968,0.5897,0.3387,0.1209,0.3784,0.4493,0.4228,
H,,,,,,,,,,,,
<>,1,2,3,4,5,6,7,8,9,10,11,12
A,0.0876,0.0846,0.087,0.0887,0.0895,0.0871,0.0871,0.0878,0.0909,0.0892,0.0887,0.0876
B,0.3685,0.3755,0.4765,0.2991,0.4846,0.5162,0.5085,0.58,0.5732,0.6302,0.6115,0.3356
C,0.1145,0.1144,0.4937,0.3512,0.439,0.5261,0.5202,0.5822,0.5743,0.6341,0.6113,0.126
D,0.3782,0.0971,0.1359,0.3877,0.453,0.5269,0.5206,0.5874,0.5753,0.6281,0.6026,0.3015
E,,0.5457,0.6058,0.5736,0.5751,0.5681,0.3602,0.2996,0.4246,0.4669,0.4862,
F,,0.5516,0.5852,0.5721,0.5842,0.5761,0.3347,0.1471,0.4,0.4672,0.4647,
G,,0.5148,0.6052,0.5977,0.6061,0.5919,0.3396,0.1208,0.3833,0.4499,0.4256,
H,,,,,,,,,,,,
<>,1,2,3,4,5,6,7,8,9,10,11,12
A,0.0875,0.0845,0.0865,0.0886,0.0897,0.087,0.0872,0.0876,0.0907,0.0899,0.089,0.0877
B,0.3686,0.3838,0.4798,0.3007,0.4804,0.5147,0.5099,0.5806,0.5774,0.6334,0.6153,0.3395
C,0.1148,0.1137,0.4977,0.3538,0.4319,0.5221,0.52,0.5844,0.5828,0.6377,0.6159,0.126
D,0.3803,0.0965,0.1353,0.3908,0.4444,0.5243,0.5214,0.5904,0.5814,0.6319,0.6052,0.3051
E,,0.543,0.6079,0.579,0.5818,0.5741,0.3584,0.3075,0.4278,0.465,0.4867,
F,,0.5503,0.5915,0.5789,0.5885,0.5777,0.335,0.1475,0.4054,0.4671,0.4673,
G,,0.5125,0.6108,0.607,0.6136,0.6034,0.3404,0.1204,0.3885,0.4487,0.4285,
H,,,,,,,,,,,,
<>,1,2,3,4,5,6,7,8,9,10,11,12
A,0.0876,0.0846,0.0874,0.089,0.09,0.087,0.087,0.0873,0.0909,0.0892,0.0888,0.0879
B,0.3681,0.3884,0.4822,0.3029,0.4743,0.5111,0.5138,0.5854,0.582,0.6365,0.6172,0.3418
C,0.1154,0.1137,0.5012,0.3566,0.4262,0.517,0.5193,0.5861,0.5812,0.6413,0.6187,0.1166
D,0.3829,0.0958,0.1348,0.3937,0.4384,0.521,0.5222,0.5939,0.5877,0.6362,0.6086,0.3092
E,,0.5392,0.6104,0.5844,0.5858,0.5759,0.3572,0.3142,0.4307,0.4635,0.4855,
F,,0.5465,0.5955,0.5875,0.5935,0.5793,0.336,0.1479,0.4084,0.4651,0.4668,
G,,0.5073,0.6154,0.6139,0.6184,0.607,0.3411,0.1203,0.3924,0.4472,0.4283,
H,,,,,,,,,,,,
<>,1,2,3,4,5,6,7,8,9,10,11,12
A,0.0885,0.0859,0.0869,0.0884,0.0896,0.0868,0.0874,0.0875,0.0909,0.0891,0.0888,0.0876
B,0.3685,0.3914,0.4841,0.3057,0.4692,0.5057,0.5155,0.5877,0.5868,0.6393,0.6189,0.3445
C,0.1157,0.1132,0.5048,0.3578,0.4199,0.5134,0.5215,0.5874,0.5872,0.6442,0.6223,0.1186
D,0.3856,0.0957,0.1345,0.3958,0.4314,0.5157,0.5243,0.5968,0.5932,0.6392,0.6117,0.3142
E,,0.5362,0.6132,0.591,0.5899,0.5788,0.355,0.3193,0.4336,0.4618,0.484,
F,,0.5408,0.5991,0.5921,0.5951,0.5844,0.3343,0.1473,0.41,0.4628,0.4647,
G,,0.502,0.6226,0.6228,0.6267,0.6129,0.3415,0.1201,0.3961,0.4456,0.4278,
H,,,,,,,,,,,,
<>,1,2,3,4,5,6,7,8,9,10,11,12
A,0.0877,0.0867,0.0874,0.0889,0.0897,0.0872,0.0874,0.0873,0.0911,0.0895,0.0887,0.0877
B,0.3697,0.3933,0.4875,0.3073,0.4644,0.5002,0.5176,0.5878,0.5911,0.641,0.6233,0.3447
C,0.1163,0.1126,0.5081,0.356,0.4142,0.5076,0.5234,0.5904,0.5938,0.6466,0.6258,0.1325
D,0.3866,0.0955,0.1339,0.3939,0.4265,0.5113,0.5251,0.6,0.598,0.6435,0.6128,0.3196
E,,0.5345,0.6145,0.5942,0.5949,0.5801,0.3582,0.3247,0.4376,0.4604,0.4828,
F,,0.5388,0.6021,0.5899,0.5975,0.5842,0.3354,0.1475,0.4084,0.4605,0.4632,
G,,0.5036,0.6251,0.6296,0.6357,0.6229,0.3424,0.1199,0.3986,0.4447,0.4256,
H,,,,,,,,,,,,
<>,1,2,3,4,5,6,7,8,9,10,11,12
A,0.0878,0.0846,0.0864,0.0887,0.0897,0.0875,0.0869,0.0874,0.0908,0.0892,0.0887,0.088
B,0.3704,0.3946,0.4895,0.31,0.4566,0.4933,0.5179,0.5915,0.5984,0.6428,0.6249,0.3452
C,0.1165,0.1144,0.5091,0.354,0.4097,0.4977,0.5208,0.5924,0.6004,0.6489,0.6266,0.1196
D,0.3891,0.0957,0.1333,0.3916,0.4198,0.5027,0.5251,0.6019,0.6049,0.6456,0.6128,0.3248
E,,0.5336,0.6163,0.5987,0.6018,0.5828,0.3572,0.329,0.4373,0.4589,0.4811,
F,,0.5359,0.6048,0.603,0.5993,0.5898,0.3361,0.1476,0.4066,0.4587,0.4613,
G,,0.4987,0.6269,0.6364,0.6404,0.6234,0.3435,0.1198,0.3974,0.4433,0.4245,
H,,,,,,,,,,,,
<>,1,2,3,4,5,6,7,8,9,10,11,12
A,0.0875,0.0847,0.0868,0.0886,0.0898,0.0868,0.087,0.0883,0.0907,0.0893,0.0893,0.0879
B,0.3732,0.3944,0.4909,0.313,0.4461,0.48,0.5142,0.5936,0.6057,0.6451,0.6285,0.3461
C,0.1173,0.1115,0.5124,0.3524,0.4051,0.4916,0.5176,0.5952,0.6038,0.6501,0.6288,0.1209
D,0.3933,0.0958,0.1339,0.3896,0.4156,0.4951,0.5235,0.6045,0.6127,0.6473,0.6147,0.3288
E,,0.5322,0.6182,0.6029,0.6047,0.5858,0.3588,0.335,0.4347,0.4572,0.4789,
F,,0.5322,0.6074,0.6105,0.6004,0.5909,0.3371,0.147,0.4041,0.4567,0.4596,
G,,0.4966,0.6271,0.6467,0.6473,0.6285,0.3447,0.1202,0.3949,0.4421,0.4229,
H,,,,,,,,,,,,
<>,1,2,3,4,5,6,7,8,9,10,11,12
A,0.0876,0.0852,0.0874,0.0892,0.0901,0.0868,0.0869,0.0874,0.0908,0.0899,0.0888,0.0882
B,0.3745,0.3942,0.4931,0.3143,0.4395,0.4662,0.5107,0.5947,0.6088,0.6465,0.631,0.3466
C,0.1182,0.1115,0.5118,0.3508,0.4001,0.48,0.5106,0.5974,0.612,0.6508,0.6313,0.129
D,0.3942,0.0961,0.1362,0.3869,0.41,0.4849,0.5187,0.6072,0.6159,0.6502,0.6165,0.3331
E,,0.529,0.6188,0.606,0.6078,0.5902,0.3598,0.3387,0.4326,0.4565,0.4775,
F,,0.531,0.6102,0.6155,0.6029,0.5959,0.3383,0.1478,0.4022,0.4552,0.458,
G,,0.4959,0.6296,0.655,0.6491,0.6317,0.3466,0.1202,0.3937,0.4407,0.4218,
H,,,,,,,,,,,,
<>,1,2,3,4,5,6,7,8,9,10,11,12
A,0.0876,0.0848,0.0869,0.0885,0.0905,0.0874,0.0874,0.0872,0.0907,0.0891,0.0888,0.0879
B,0.3786,0.3939,0.4943,0.3168,0.4252,0.4471,0.5056,0.5964,0.6128,0.6479,0.6334,0.3475
C,0.1189,0.1114,0.5139,0.3493,0.3956,0.4676,0.5022,0.6011,0.606,0.6511,0.6335,0.1329
D,0.3927,0.0964,0.1331,0.3849,0.4054,0.4739,0.5117,0.6106,0.6166,0.6525,0.6153,0.3354
E,,0.5246,0.6211,0.609,0.6103,0.5925,0.36,0.3418,0.4303,0.4549,0.4761,
F,,0.5295,0.6118,0.6206,0.606,0.5948,0.3393,0.1478,0.4009,0.4535,0.4569,
G,,0.4956,0.6299,0.6611,0.6546,0.6379,0.348,0.1206,0.3921,0.4389,0.4205,
H,,,,,,,,,,,,
<>,1,2,3,4,5,6,7,8,9,10,11,12
A,0.0881,0.0846,0.0873,0.0886,0.0898,0.0869,0.0878,0.0874,0.0906,0.0898,0.0889,0.088
B,0.3792,0.394,0.4953,0.3166,0.4155,0.4265,0.4985,0.5983,0.6162,0.6492,0.6349,0.3484
C,0.1198,0.1119,0.5148,0.3487,0.3915,0.458,0.4891,0.6031,0.6107,0.6523,0.6357,0.1292
D,0.3903,0.0964,0.1339,0.3834,0.4009,0.4648,0.5023,0.6137,0.6201,0.6552,0.622,0.3378
E,,0.5191,0.6206,0.6138,0.6128,0.5909,0.3576,0.3455,0.4281,0.4542,0.4751,
F,,0.5247,0.6141,0.6229,0.6094,0.5972,0.3389,0.1486,0.4,0.4522,0.4553,
G,,0.4958,0.6336,0.6644,0.6622,0.6426,0.3477,0.1212,0.3911,0.4385,0.4193,
H,,,,,,,,,,,,
<>,1,2,3,4,5,6,7,8,9,10,11,12
A,0.0878,0.0849,0.0864,0.0888,0.09,0.087,0.0873,0.0872,0.0907,0.0891,0.0891,0.0881
B,0.3768,0.3935,0.4953,0.315,0.4055,0.4047,0.4873,0.6011,0.6173,0.65,0.6382,0.3495
C,0.1212,0.1119,0.5165,0.348,0.3884,0.4436,0.4745,0.6073,0.6085,0.6534,0.6367,0.1275
D,0.3881,0.0969,0.1345,0.3814,0.3961,0.4531,0.4905,0.6144,0.6217,0.6561,0.6229,0.3406
E,,0.5122,0.6235,0.614,0.6168,0.5918,0.3586,0.3477,0.426,0.4523,0.4736,
F,,0.5204,0.6169,0.625,0.6147,0.5926,0.3379,0.1492,0.3977,0.4504,0.4541,
G,,0.4936,0.6329,0.6686,0.6664,0.6462,0.3469,0.1221,0.3892,0.4373,0.4183,
H,,,,,,,,,,,,
<>,1,2,3,4,5,6,7,8,9,10,11,12
A,0.0884,0.0847,0.0876,0.0887,0.0902,0.0876,0.0873,0.0877,0.091,0.089,0.0895,0.0878
B,0.3746,0.3942,0.4935,0.313,0.3957,0.3893,0.4767,0.604,0.6166,0.6503,0.6398,0.3522
C,0.1226,0.1125,0.5169,0.3469,0.3854,0.4296,0.4575,0.6098,0.6089,0.6536,0.6367,0.1282
D,0.3862,0.0972,0.1353,0.3797,0.3919,0.4369,0.4741,0.6173,0.6235,0.6581,0.6258,0.3443
E,,0.5076,0.6242,0.6162,0.619,0.5945,0.3572,0.3507,0.4234,0.4518,0.4726,
F,,0.5151,0.6175,0.6263,0.6175,0.5954,0.3364,0.1502,0.3969,0.4493,0.4527,
G,,0.4853,0.6348,0.6701,0.6632,0.6544,0.3458,0.123,0.3887,0.4362,0.4177,
H,,,,,,,,,,,,
<>,1,2,3,4,5,6,7,8,9,10,11,12
A,0.0882,0.0847,0.087,0.0885,0.0898,0.0869,0.0879,0.0876,0.0909,0.0897,0.089,0.0881
B,0.3727,0.3946,0.4953,0.3117,0.3884,0.3712,0.4611,0.6061,0.6212,0.6513,0.6434,0.3518
C,0.124,0.1131,0.5166,0.3454,0.3825,0.4167,0.4401,0.6094,0.6132,0.6543,0.6379,0.1298
D,0.3839,0.0974,0.1363,0.3778,0.3858,0.4237,0.4446,0.6211,0.6254,0.6596,0.6294,0.3469
E,,0.4995,0.6251,0.6142,0.62,0.5937,0.3543,0.3524,0.4217,0.4505,0.4712,
F,,0.5096,0.6185,0.6283,0.6186,0.5953,0.335,0.1509,0.3944,0.4477,0.4512,
G,,0.4781,0.6385,0.6764,0.6674,0.6551,0.3439,0.1242,0.387,0.4353,0.4164,
H,,,,,,,,,,,,
<>,1,2,3,4,5,6,7,8,9,10,11,12
A,0.0879,0.0846,0.0872,0.0886,0.0896,0.0874,0.0872,0.0877,0.091,0.0898,0.089,0.088
B,0.3699,0.3949,0.4979,0.3099,0.38,0.3637,0.437,0.6061,0.6179,0.6529,0.6454,0.3502
C,0.125,0.1137,0.5171,0.3449,0.3802,0.4053,0.4205,0.6101,0.6171,0.6563,0.6384,0.1393
D,0.3818,0.0978,0.1374,0.3768,0.3808,0.4097,0.4153,0.624,0.6272,0.6612,0.6308,0.3453
E,,0.492,0.6271,0.6123,0.6187,0.5964,0.3533,0.3541,0.4203,0.4496,0.4701,
F,,0.505,0.6216,0.6286,0.6212,0.5975,0.3328,0.1522,0.3938,0.4465,0.4502,
G,,0.4731,0.6382,0.6749,0.6755,0.657,0.3426,0.126,0.3861,0.4341,0.4154,
H,,,,,,,,,,,,
<>,1,2,3,4,5,6,7,8,9,10,11,12
A,0.0877,0.0847,0.0867,0.0887,0.0899,0.0873,0.0875,0.0877,0.091,0.0894,0.089,0.0882
B,0.3678,0.3963,0.4989,0.3095,0.3751,0.3555,0.4152,0.6064,0.6226,0.6566,0.6483,0.3484
C,0.1265,0.1149,0.5179,0.3439,0.3778,0.3915,0.3939,0.6107,0.6235,0.6589,0.6417,0.1364
D,0.3797,0.0988,0.139,0.3754,0.3773,0.4001,0.3911,0.6253,0.6265,0.6638,0.6317,0.3437
E,,0.4808,0.6278,0.615,0.6194,0.5976,0.352,0.3555,0.4183,0.4489,0.469,
F,,0.4978,0.6244,0.6277,0.6223,0.5965,0.3316,0.1541,0.3928,0.4451,0.4486,
G,,0.4666,0.6396,0.6762,0.6774,0.6583,0.3414,0.1277,0.385,0.4336,0.414,
H,,,,,,,,,,,,
<>,1,2,3,4,5,6,7,8,9,10,11,12
A,0.0878,0.0847,0.0874,0.0886,0.0898,0.0874,0.0871,0.088,0.0909,0.0893,0.0901,0.0883
B,0.3665,0.3981,0.4986,0.3081,0.3693,0.3527,0.3872,0.6048,0.627,0.6603,0.6504,0.3459
C,0.1291,0.1156,0.5176,0.343,0.3749,0.3827,0.3755,0.6097,0.6301,0.6625,0.6403,0.1482
D,0.3779,0.0994,0.1412,0.3745,0.3726,0.3903,0.3716,0.6228,0.6327,0.6679,0.6363,0.3415
E,,0.47,0.6303,0.6207,0.62,0.5967,0.3496,0.3559,0.4162,0.4477,0.4675,
F,,0.4913,0.6273,0.6349,0.6254,0.5989,0.3298,0.156,0.392,0.4438,0.4477,
G,,0.4595,0.641,0.6805,0.6764,0.6635,0.3401,0.1291,0.3841,0.4328,0.4125,
H,,,,,,,,,,,,
<>,1,2,3,4,5,6,7,8,9,10,11,12
A,0.088,0.0847,0.0873,0.0887,0.0898,0.0871,0.0878,0.0875,0.0909,0.0893,0.0914,0.0881
B,0.3649,0.3991,0.4994,0.3075,0.3659,0.3496,0.3779,0.6023,0.6279,0.6658,0.6518,0.3435
C,0.1312,0.1176,0.5171,0.3422,0.3709,0.3765,0.3633,0.6074,0.6262,0.6644,0.6416,0.1395
D,0.3762,0.1002,0.1429,0.3729,0.3697,0.3844,0.3584,0.6222,0.6323,0.671,0.6378,0.3399
E,,0.4579,0.6315,0.6188,0.6189,0.599,0.3488,0.357,0.4148,0.4468,0.4669,
F,,0.4832,0.6295,0.6347,0.6246,0.5991,0.3286,0.158,0.3906,0.4428,0.4472,
G,,0.4532,0.6427,0.6776,0.6793,0.6666,0.3392,0.1316,0.3828,0.4318,0.4122,
H,,,,,,,,,,,,
<>,1,2,3,4,5,6,7,8,9,10,11,12
A,0.0885,0.0848,0.0875,0.0889,0.0898,0.0872,0.087,0.0878,0.091,0.0894,0.0917,0.0882
B,0.3629,0.4004,0.4989,0.3062,0.3629,0.3473,0.367,0.6012,0.6316,0.6701,0.6555,0.342
C,0.1333,0.1187,0.5157,0.3418,0.3692,0.3719,0.3564,0.6044,0.6336,0.666,0.643,0.1426
D,0.3745,0.1021,0.1448,0.3714,0.3664,0.3775,0.3521,0.6235,0.6397,0.6734,0.6379,0.3381
E,,0.4454,0.6292,0.6231,0.6225,0.5996,0.3459,0.3574,0.4131,0.4462,0.4657,
F,,0.4751,0.6319,0.6361,0.6308,0.6012,0.3262,0.1598,0.3899,0.4418,0.4458,
G,,0.4477,0.644,0.6815,0.685,0.6691,0.3382,0.135,0.3822,0.4307,0.4115,
H,,,,,,,,,,,,
<>,1,2,3,4,5,6,7,8,9,10,11,12
A,0.0885,0.0848,0.087,0.0889,0.0902,0.0872,0.0871,0.0882,0.0909,0.0891,0.0917,0.0876
B,0.3612,0.3995,0.4986,0.3058,0.3599,0.3448,0.3615,0.5979,0.6322,0.6735,0.6565,0.34
C,0.1355,0.1208,0.5133,0.341,0.3679,0.368,0.3527,0.6037,0.6328,0.6675,0.6451,0.1574
D,0.3726,0.1025,0.1471,0.3704,0.3635,0.375,0.3494,0.6218,0.6409,0.6757,0.6394,0.3374
E,,0.4319,0.6304,0.6295,0.6186,0.6005,0.3431,0.3578,0.4121,0.4449,0.4653,
F,,0.4673,0.6335,0.6405,0.6358,0.6046,0.3239,0.1622,0.389,0.4411,0.4457,
G,,0.4432,0.6453,0.6857,0.6883,0.6759,0.337,0.1376,0.3814,0.4302,0.4103,
H,,,,,,,,,,,,
<>,1,2,3,4,5,6,7,8,9,10,11,12
A,0.0887,0.0847,0.0875,0.0886,0.0899,0.0872,0.087,0.0876,0.0911,0.0895,0.0914,0.0879
B,0.359,0.3974,0.4972,0.305,0.3573,0.3433,0.3556,0.5939,0.6355,0.6753,0.6607,0.3376
C,0.1384,0.1227,0.5131,0.3405,0.3659,0.3644,0.3499,0.6011,0.6391,0.669,0.6491,0.1522
D,0.3711,0.1037,0.1505,0.3694,0.3618,0.3717,0.3463,0.6183,0.6433,0.6768,0.6421,0.3356
E,,0.4165,0.6284,0.6279,0.6182,0.6012,0.3408,0.3593,0.4104,0.4446,0.4642,
F,,0.4553,0.6331,0.6355,0.6357,0.6049,0.3216,0.1656,0.3875,0.4395,0.4442,
G,,0.4362,0.6478,0.6856,0.6881,0.676,0.3359,0.1413,0.3804,0.429,0.4093,
H,,,,,,,,,,,,
<>,1,2,3,4,5,6,7,8,9,10,11,12
A,0.0878,0.0848,0.0875,0.0888,0.0899,0.0871,0.087,0.0884,0.0911,0.0899,0.0906,0.088
B,0.3579,0.3952,0.4944,0.304,0.3544,0.3403,0.3509,0.5902,0.6396,0.6762,0.6622,0.3353
C,0.1422,0.1251,0.5068,0.3393,0.3652,0.3619,0.3476,0.5953,0.6431,0.6688,0.6465,0.1571
D,0.3688,0.1053,0.1531,0.3682,0.36,0.3662,0.3437,0.6137,0.6443,0.677,0.6472,0.3351
E,,0.4003,0.6259,0.6307,0.6207,0.6011,0.3394,0.3579,0.4088,0.443,0.4635,
F,,0.4469,0.6313,0.6389,0.6377,0.6063,0.3204,0.1684,0.387,0.4383,0.4441,
G,,0.4295,0.65,0.689,0.6872,0.6821,0.3348,0.1445,0.3794,0.4282,0.4081,
H,,,,,,,,,,,,
<>,1,2,3,4,5,6,7,8,9,10,11,12
A,0.0882,0.0849,0.0877,0.0888,0.0903,0.0871,0.0871,0.0878,0.0912,0.0891,0.091,0.0879
B,0.3558,0.394,0.4921,0.303,0.3519,0.3384,0.3484,0.587,0.6413,0.6792,0.6632,0.3348
C,0.1478,0.1284,0.503,0.3387,0.3637,0.3587,0.3461,0.5907,0.644,0.6689,0.6487,0.1693
D,0.3674,0.1071,0.1571,0.3665,0.3586,0.3631,0.3413,0.6104,0.6493,0.6779,0.6504,0.3338
E,,0.3884,0.6244,0.6351,0.6182,0.6005,0.3373,0.3586,0.4081,0.4424,0.4622,
F,,0.4346,0.6297,0.6426,0.6376,0.6055,0.3181,0.1722,0.3859,0.4373,0.4428,
G,,0.4243,0.6526,0.6911,0.6906,0.684,0.3338,0.1492,0.3786,0.4271,0.4079,
H,,,,,,,,,,,,
<>,1,2,3,4,5,6,7,8,9,10,11,12
A,0.0883,0.0848,0.0869,0.0889,0.0902,0.0872,0.087,0.088,0.091,0.0893,0.0914,0.0878
B,0.3549,0.389,0.4892,0.3029,0.3497,0.3364,0.3445,0.5815,0.641,0.6804,0.6662,0.3321
C,0.1528,0.1309,0.4973,0.3379,0.3624,0.3559,0.3437,0.5856,0.645,0.6703,0.6493,0.159
D,0.3667,0.1092,0.1616,0.3657,0.3575,0.3599,0.3397,0.6044,0.6536,0.6779,0.6526,0.3339
E,,0.3824,0.6201,0.6383,0.6158,0.5988,0.3334,0.359,0.4066,0.4415,0.4609,
F,,0.4209,0.6274,0.6503,0.6367,0.6089,0.3175,0.1765,0.3846,0.4359,0.4423,
G,,0.4197,0.65,0.6941,0.6923,0.6814,0.3324,0.1538,0.3775,0.4267,0.4064,
H,,,,,,,,,,,,
<>,1,2,3,4,5,6,7,8,9,10,11,12
A,0.089,0.0848,0.0868,0.0893,0.0899,0.0872,0.0872,0.088,0.0911,0.0892,0.0907,0.0879
B,0.3537,0.3881,0.485,0.3018,0.3485,0.335,0.3428,0.5724,0.6441,0.6811,0.6687,0.3311
C,0.1553,0.135,0.4964,0.3372,0.3606,0.354,0.342,0.5792,0.6498,0.6693,0.6503,0.1616
D,0.3647,0.1107,0.1662,0.3646,0.3557,0.3574,0.3367,0.5955,0.6553,0.6781,0.6528,0.3338
E,,0.3781,0.6157,0.6402,0.6183,0.5998,0.3346,0.3594,0.4048,0.4408,0.4598,
F,,0.412,0.624,0.6525,0.6364,0.6073,0.3157,0.1808,0.3844,0.4352,0.4414,
G,,0.4156,0.648,0.6988,0.6901,0.6801,0.3315,0.1588,0.377,0.4256,0.4052,
H,,,,,,,,,,,,
<>,1,2,3,4,5,6,7,8,9,10,11,12
A,0.089,0.0848,0.0882,0.0888,0.0901,0.0872,0.087,0.0877,0.091,0.0893,0.0917,0.0881
B,0.3532,0.3834,0.4821,0.3008,0.3444,0.3338,0.3406,0.568,0.6465,0.6814,0.6701,0.3296
C,0.1586,0.1379,0.4873,0.3363,0.3598,0.3521,0.3406,0.5728,0.6524,0.6723,0.6527,0.1635
D,0.3629,0.1129,0.1712,0.3637,0.3547,0.3554,0.3347,0.592,0.6576,0.6781,0.6506,0.335
E,,0.3755,0.6115,0.6427,0.6169,0.5972,0.3345,0.3547,0.4038,0.4403,0.4591,
F,,0.4065,0.6195,0.6519,0.6362,0.6042,0.3144,0.1857,0.3832,0.4336,0.4402,
G,,0.4134,0.6418,0.6994,0.6932,0.6842,0.3309,0.1659,0.3763,0.425,0.405,
H,,,,,,,,,,,,
<>,1,2,3,4,5,6,7,8,9,10,11,12
A,0.0886,0.0849,0.0884,0.0886,0.09,0.0873,0.087,0.0875,0.0911,0.0902,0.0903,0.088
B,0.3515,0.3826,0.4808,0.3011,0.3424,0.3316,0.338,0.5601,0.648,0.684,0.672,0.3283
C,0.1648,0.1432,0.4831,0.3359,0.359,0.35,0.3384,0.5656,0.6507,0.6722,0.6527,0.1762
D,0.3617,0.116,0.1773,0.3623,0.3531,0.354,0.3327,0.5814,0.6595,0.6787,0.6537,0.3346
E,,0.3724,0.6054,0.6461,0.6176,0.5967,0.3313,0.3468,0.4018,0.4391,0.4584,
F,,0.4036,0.6119,0.6526,0.6367,0.6041,0.3122,0.191,0.3831,0.4326,0.4398,
G,,0.4121,0.6421,0.7015,0.6983,0.6813,0.3297,0.172,0.3754,0.4241,0.4041,
H,,,,,,,,,,,,
<>,1,2,3,4,5,6,7,8,9,10,11,12
A,0.0879,0.0848,0.0875,0.0888,0.0903,0.0871,0.0874,0.0874,0.091,0.0889,0.0899,0.0881
B,0.35,0.3802,0.477,0.3003,0.3407,0.3299,0.3361,0.5557,0.6475,0.6847,0.6737,0.3268
C,0.1705,0.1478,0.4798,0.3351,0.3585,0.3482,0.337,0.5613,0.6653,0.6743,0.6555,0.1731
D,0.3601,0.1197,0.1838,0.3611,0.3524,0.3524,0.3308,0.5792,0.6613,0.6802,0.6577,0.3338
E,,0.3708,0.5996,0.6471,0.6189,0.5985,0.3275,0.3451,0.401,0.4375,0.457,
F,,0.402,0.6075,0.6578,0.6408,0.6094,0.3118,0.1962,0.381,0.4314,0.4384,
G,,0.4106,0.6364,0.7058,0.7085,0.6859,0.3287,0.1795,0.3746,0.4228,0.4023,
H,,,,,,,,,,,,
<>,1,2,3,4,5,6,7,8,9,10,11,12
A,0.088,0.085,0.0871,0.0888,0.0898,0.0873,0.0869,0.0873,0.0911,0.0892,0.09,0.0878
B,0.3491,0.379,0.4773,0.3001,0.3391,0.3285,0.3345,0.549,0.6501,0.6866,0.6773,0.3258
C,0.1776,0.1541,0.4771,0.3342,0.3567,0.3468,0.3356,0.5535,0.6574,0.6735,0.6557,0.1774
D,0.3585,0.1228,0.1907,0.3598,0.3507,0.3512,0.3293,0.5729,0.6631,0.6819,0.6621,0.3335
E,,0.3691,0.5925,0.6484,0.6205,0.5999,0.3275,0.3399,0.3996,0.4365,0.4562,
F,,0.3997,0.6007,0.6553,0.641,0.6061,0.3102,0.1976,0.3802,0.4302,0.438,
G,,0.4089,0.6361,0.7079,0.7113,0.6924,0.3276,0.1871,0.374,0.4219,0.4008,
H,,,,,,,,,,,,
<>,1,2,3,4,5,6,7,8,9,10,11,12
A,0.0879,0.0849,0.088,0.0889,0.0904,0.0871,0.0872,0.0874,0.091,0.089,0.0906,0.0879
B,0.3482,0.3762,0.4737,0.2992,0.338,0.327,0.3332,0.5394,0.6505,0.6873,0.6777,0.3248
C,0.1809,0.1599,0.477,0.3339,0.3541,0.3447,0.3344,0.5437,0.6669,0.6759,0.6605,0.1898
D,0.3578,0.1269,0.1992,0.3598,0.3498,0.3488,0.3279,0.5617,0.6644,0.683,0.6632,0.3325
E,,0.367,0.5837,0.6532,0.6146,0.6033,0.3249,0.3371,0.3985,0.4362,0.4554,
F,,0.3988,0.5931,0.6607,0.6426,0.6168,0.3087,0.1987,0.3796,0.4291,0.4369,
G,,0.4076,0.6313,0.709,0.7154,0.6948,0.3272,0.1966,0.3735,0.4213,0.4003,
H,,,,,,,,,,,,
<>,1,2,3,4,5,6,7,8,9,10,11,12
A,0.088,0.0849,0.0876,0.0891,0.0899,0.0871,0.0871,0.0878,0.0911,0.0894,0.09,0.0879
B,0.3475,0.3741,0.47,0.2985,0.3368,0.3255,0.3318,0.5283,0.6499,0.6883,0.6822,0.3239
C,0.1886,0.167,0.4708,0.333,0.3538,0.343,0.3327,0.5343,0.6578,0.678,0.6601,0.1814
D,0.3564,0.1309,0.2077,0.3589,0.3488,0.3477,0.3263,0.5513,0.665,0.6835,0.6651,0.3324
E,,0.3655,0.5738,0.6534,0.6097,0.6057,0.3235,0.3344,0.3976,0.435,0.4544,
F,,0.3973,0.5862,0.6602,0.643,0.6084,0.3081,0.1999,0.3792,0.4281,0.437,
G,,0.4058,0.6233,0.71,0.7164,0.6954,0.3263,0.2065,0.3731,0.4207,0.3993,
H,,,,,,,,,,,,
<>,1,2,3,4,5,6,7,8,9,10,11,12
A,0.0879,0.0856,0.0872,0.0888,0.0901,0.087,0.0873,0.0878,0.0911,0.0895,0.0898,0.0879
B,0.3468,0.3715,0.4652,0.2978,0.3353,0.3235,0.3301,0.516,0.6497,0.6893,0.6858,0.3225
C,0.1961,0.1717,0.4655,0.3326,0.3523,0.3412,0.3314,0.5226,0.6637,0.6776,0.6646,0.1958
D,0.3553,0.1357,0.2168,0.3577,0.3479,0.3461,0.3247,0.5342,0.6628,0.6839,0.6705,0.3328
E,,0.3639,0.5628,0.6577,0.6058,0.6078,0.3234,0.3292,0.396,0.4342,0.4534,
F,,0.3963,0.5777,0.6632,0.6439,0.6087,0.3067,0.2016,0.3786,0.427,0.4356,
G,,0.4049,0.6173,0.713,0.7276,0.6994,0.3255,0.2168,0.3725,0.4201,0.3984,
H,,,,,,,,,,,,
<>,1,2,3,4,5,6,7,8,9,10,11,12
A,0.089,0.0853,0.0872,0.089,0.0901,0.0872,0.087,0.0882,0.091,0.0895,0.0902,0.0878
B,0.3462,0.3693,0.4669,0.2972,0.3345,0.3221,0.328,0.5069,0.6497,0.6898,0.6891,0.3219
C,0.2021,0.1771,0.4619,0.3314,0.351,0.3389,0.3301,0.5118,0.6643,0.6794,0.6674,0.1889
D,0.3543,0.1413,0.2194,0.3566,0.3468,0.344,0.3234,0.5222,0.6637,0.6845,0.6726,0.3331
E,,0.3628,0.5506,0.6557,0.6049,0.6065,0.323,0.3246,0.395,0.433,0.4522,
F,,0.3952,0.5656,0.6541,0.6423,0.6193,0.3054,0.2044,0.3777,0.4256,0.4343,
G,,0.4035,0.6116,0.7146,0.7266,0.7015,0.3244,0.2282,0.3714,0.4188,0.3978,
H,,,,,,,,,,,,
<>,1,2,3,4,5,6,7,8,9,10,11,12
A,0.088,0.085,0.0881,0.0894,0.0902,0.087,0.0874,0.0887,0.0913,0.089,0.0912,0.0879
B,0.3457,0.365,0.4627,0.2961,0.3329,0.3207,0.326,0.4941,0.6468,0.6898,0.6938,0.3202
C,0.2087,0.1819,0.4575,0.3316,0.3499,0.3372,0.3287,0.4985,0.6599,0.679,0.6716,0.1985
D,0.3526,0.1473,0.2206,0.355,0.3455,0.3421,0.322,0.5059,0.6643,0.6859,0.6795,0.3329
E,,0.3615,0.5406,0.6563,0.6093,0.6096,0.3232,0.3222,0.3938,0.4326,0.4511,
F,,0.394,0.5526,0.6589,0.6456,0.6169,0.3037,0.207,0.3773,0.4246,0.434,
G,,0.403,0.6028,0.7133,0.7337,0.704,0.3239,0.2404,0.371,0.4182,0.3971,
H,,,,,,,,,,,,
<>,1,2,3,4,5,6,7,8,9,10,11,12
A,0.0882,0.0851,0.0876,0.089,0.0901,0.0886,0.0873,0.0881,0.0912,0.0891,0.0912,0.0883
B,0.3454,0.3642,0.462,0.2955,0.3319,0.3191,0.3247,0.4864,0.6462,0.6918,0.7,0.3188
C,0.2144,0.1899,0.4546,0.3305,0.3485,0.3358,0.3271,0.4939,0.6521,0.682,0.6729,0.2018
D,0.3515,0.155,0.222,0.3546,0.3446,0.341,0.3205,0.4933,0.6596,0.6867,0.6809,0.3315
E,,0.3599,0.527,0.6585,0.6081,0.6105,0.3218,0.3185,0.3927,0.4318,0.4501,
F,,0.3931,0.5429,0.655,0.6457,0.6141,0.3026,0.2089,0.3767,0.4236,0.4329,
G,,0.4019,0.5969,0.7148,0.7312,0.7065,0.3233,0.2448,0.3701,0.4169,0.3965,
H,,,,,,,,,,,,
<>,1,2,3,4,5,6,7,8,9,10,11,12
A,0.0883,0.0858,0.087,0.089,0.0901,0.0872,0.0874,0.0882,0.0912,0.0892,0.0919,0.0883
B,0.3448,0.361,0.4571,0.2952,0.3301,0.3176,0.3233,0.4697,0.6449,0.6909,0.7003,0.3176
C,0.2241,0.1966,0.4523,0.331,0.3474,0.3349,0.3256,0.4758,0.6549,0.6822,0.6801,0.2002
D,0.3512,0.162,0.2244,0.3535,0.3437,0.3399,0.319,0.4729,0.6607,0.6861,0.6853,0.331
E,,0.3582,0.5108,0.658,0.6089,0.6112,0.3226,0.3147,0.3918,0.4308,0.4492,
F,,0.3915,0.5301,0.6475,0.6447,0.6137,0.3013,0.2112,0.3759,0.4228,0.432,
G,,0.4014,0.5867,0.7134,0.7327,0.7039,0.3225,0.2456,0.3698,0.4167,0.3954,
H,,,,,,,,,,,,
<>,1,2,3,4,5,6,7,8,9,10,11,12
A,0.0889,0.0849,0.0871,0.0887,0.09,0.0871,0.087,0.0875,0.0912,0.0891,0.0921,0.0882
B,0.3444,0.3604,0.4533,0.2943,0.3293,0.3165,0.3219,0.4587,0.644,0.6919,0.7035,0.3165
C,0.2307,0.2054,0.4428,0.3302,0.3465,0.3335,0.3241,0.4551,0.6529,0.6827,0.6777,0.2061
D,0.3504,0.1711,0.2273,0.3529,0.3423,0.3391,0.318,0.4538,0.6563,0.687,0.6849,0.3313
E,,0.3569,0.4954,0.6578,0.6091,0.6123,0.3221,0.3107,0.391,0.4303,0.4483,
F,,0.391,0.5078,0.6469,0.6441,0.6159,0.3002,0.2124,0.3754,0.4215,0.4317,
G,,0.4009,0.5778,0.7114,0.7298,0.7091,0.322,0.2461,0.3694,0.4158,0.3945,
H,,,,,,,,,,,,
<>,1,2,3,4,5,6,7,8,9,10,11,12
A,0.0883,0.085,0.0883,0.0888,0.0902,0.0873,0.0872,0.0874,0.0919,0.0893,0.09,0.0881
B,0.3443,0.3586,0.4553,0.2943,0.3284,0.3154,0.3203,0.4437,0.6434,0.6911,0.7059,0.3164
C,0.2385,0.2151,0.4437,0.3294,0.346,0.3323,0.3232,0.4452,0.6514,0.6847,0.6849,0.2216
D,0.35,0.179,0.2308,0.3524,0.3419,0.3377,0.3167,0.441,0.6578,0.6877,0.6866,0.3302
E,,0.3557,0.4794,0.6621,0.6121,0.6145,0.3194,0.3106,0.3901,0.4295,0.4476,
F,,0.3905,0.4952,0.6484,0.6476,0.6158,0.2999,0.2145,0.3754,0.4213,0.4316,
G,,0.4004,0.5678,0.7101,0.7389,0.7083,0.3221,0.2495,0.3695,0.4153,0.3948,
H,,,,,,,,,,,,
<>,1,2,3,4,5,6,7,8,9,10,11,12
A,0.0884,0.0852,0.0879,0.089,0.09,0.0879,0.0872,0.0875,0.0931,0.0902,0.0903,0.0879
B,0.3431,0.3587,0.4551,0.2941,0.3266,0.3139,0.3192,0.4265,0.6418,0.6924,0.7084,0.3163
C,0.2423,0.2249,0.4428,0.3292,0.3471,0.3307,0.3219,0.4355,0.6543,0.6857,0.6853,0.2146
D,0.3493,0.1885,0.2339,0.3519,0.3419,0.3365,0.3155,0.4321,0.6581,0.6891,0.6942,0.3305
E,,0.3553,0.4633,0.6623,0.6195,0.6186,0.3173,0.3133,0.3901,0.4286,0.4467,
F,,0.3903,0.4774,0.6494,0.6513,0.6216,0.2991,0.2164,0.3745,0.4207,0.4309,
G,,0.4007,0.5562,0.7124,0.7399,0.7155,0.3216,0.2537,0.3687,0.4148,0.3932,
H,,,,,,,,,,,,
<>,1,2,3,4,5,6,7,8,9,10,11,12
A,0.0886,0.085,0.087,0.089,0.0901,0.0874,0.0871,0.0875,0.0912,0.0891,0.0893,0.0879
B,0.342,0.3544,0.4556,0.2936,0.3254,0.3128,0.3181,0.4184,0.644,0.6923,0.709,0.3159
C,0.2504,0.2309,0.4396,0.3286,0.3459,0.3297,0.3205,0.4242,0.6499,0.6855,0.6851,0.219
D,0.3484,0.1984,0.2358,0.3515,0.3412,0.335,0.3141,0.4072,0.6528,0.6881,0.6969,0.3296
E,,0.3542,0.4439,0.6598,0.6233,0.6217,0.3154,0.3081,0.3884,0.4279,0.4454,
F,,0.3895,0.4567,0.6477,0.6524,0.6264,0.2982,0.2177,0.3742,0.4196,0.4301,
G,,0.4005,0.5371,0.711,0.7459,0.7151,0.3203,0.2557,0.3679,0.4134,0.3922,
H,,,,,,,,,,,,
<>,1,2,3,4,5,6,7,8,9,10,11,12
A,0.0881,0.085,0.0882,0.0891,0.0899,0.0876,0.0872,0.0875,0.0912,0.0891,0.0898,0.088
B,0.3413,0.3548,0.4532,0.2925,0.3242,0.3115,0.3163,0.4042,0.6389,0.692,0.71,0.3153
C,0.2575,0.2398,0.4369,0.3278,0.3444,0.3276,0.3191,0.4062,0.646,0.6855,0.6849,0.2228
D,0.347,0.2074,0.2376,0.3497,0.3392,0.333,0.3128,0.4025,0.6513,0.6874,0.6946,0.3288
E,,0.3521,0.4213,0.6588,0.6266,0.6219,0.314,0.3064,0.3872,0.4266,0.4442,
F,,0.3884,0.437,0.649,0.6474,0.6176,0.2971,0.22,0.3725,0.4184,0.4294,
G,,0.3996,0.5233,0.7115,0.7484,0.7155,0.3196,0.2571,0.367,0.4122,0.3914,
H,,,,,,,,,,,,
<>,1,2,3,4,5,6,7,8,9,10,11,12
A,0.088,0.0849,0.0882,0.0888,0.0899,0.0873,0.0873,0.0875,0.0911,0.0892,0.0898,0.0879
B,0.3406,0.3526,0.449,0.2924,0.3235,0.3105,0.3146,0.3955,0.6362,0.6919,0.7104,0.3144
C,0.2617,0.2464,0.433,0.3273,0.3436,0.3263,0.3179,0.3979,0.6514,0.6849,0.6852,0.2259
D,0.3457,0.2137,0.2394,0.3492,0.3387,0.3316,0.3113,0.3913,0.6473,0.6877,0.6934,0.3274
E,,0.351,0.4062,0.6612,0.6245,0.6236,0.3123,0.3046,0.3867,0.4255,0.4432,
F,,0.3876,0.4143,0.6372,0.654,0.623,0.2958,0.2214,0.3718,0.417,0.4285,
G,,0.3993,0.5088,0.7079,0.7447,0.717,0.3189,0.2587,0.3661,0.4111,0.3901,
H,,,,,,,,,,,,
<>,1,2,3,4,5,6,7,8,9,10,11,12
A,0.0881,0.0853,0.0879,0.0891,0.0901,0.0876,0.0877,0.088,0.0918,0.0895,0.0893,0.0878
B,0.34,0.3507,0.4489,0.2917,0.3227,0.3088,0.3134,0.3877,0.6331,0.6911,0.7108,0.3147
C,0.2654,0.2497,0.4298,0.3271,0.3428,0.3251,0.3167,0.3891,0.6383,0.6855,0.6872,0.2365
D,0.345,0.2213,0.2408,0.3479,0.3375,0.3306,0.3106,0.3777,0.6424,0.6868,0.6956,0.328
E,,0.3497,0.3931,0.658,0.626,0.6242,0.3124,0.3011,0.385,0.4248,0.442,
F,,0.3867,0.3964,0.6376,0.656,0.615,0.2951,0.2234,0.3715,0.416,0.4272,
G,,0.3989,0.4847,0.7048,0.7451,0.7197,0.3185,0.259,0.3661,0.4108,0.3897,
H,,,,,,,,,,,,
<>,1,2,3,4,5,6,7,8,9,10,11,12
A,0.0881,0.085,0.0871,0.0888,0.0899,0.0879,0.0879,0.0877,0.0915,0.0892,0.0892,0.0882
B,0.3395,0.3474,0.4386,0.2906,0.3217,0.3077,0.3119,0.3755,0.6282,0.6897,0.7103,0.3132
C,0.268,0.2533,0.4243,0.3261,0.3413,0.3238,0.3152,0.3787,0.6317,0.6858,0.6845,0.2347
D,0.3441,0.226,0.2418,0.3476,0.3367,0.329,0.3088,0.3651,0.6389,0.6865,0.6961,0.3269
E,,0.3483,0.3826,0.6528,0.6317,0.6276,0.3112,0.2985,0.384,0.424,0.4408,
F,,0.3862,0.3801,0.6337,0.6584,0.6111,0.2934,0.225,0.3705,0.415,0.427,
G,,0.3983,0.4629,0.7027,0.7501,0.7159,0.3178,0.2608,0.3657,0.4097,0.3887,
H,,,,,,,,,,,,
<>,1,2,3,4,5,6,7,8,9,10,11,12
A,0.088,0.085,0.0886,0.089,0.09,0.0872,0.0872,0.0878,0.0914,0.0896,0.0893,0.0881
B,0.3389,0.3457,0.4429,0.2898,0.3207,0.3064,0.3108,0.3732,0.6241,0.6895,0.7106,0.3133
C,0.2683,0.2544,0.4217,0.3256,0.3407,0.3222,0.3143,0.3685,0.6269,0.6853,0.69,0.2346
D,0.3436,0.231,0.2437,0.3466,0.3361,0.3278,0.3079,0.3554,0.6327,0.6855,0.6983,0.3266
E,,0.347,0.3778,0.6531,0.6271,0.627,0.3112,0.2967,0.3838,0.4235,0.4401,
F,,0.3853,0.3726,0.6196,0.6589,0.6154,0.2949,0.2278,0.3707,0.4148,0.4261,
G,,0.3982,0.4434,0.6987,0.7531,0.7164,0.3178,0.2618,0.365,0.4089,0.388,
H,,,,,,,,,,,,
<>,1,2,3,4,5,6,7,8,9,10,11,12
A,0.0881,0.0866,0.0883,0.089,0.09,0.0877,0.0874,0.0874,0.0915,0.0893,0.0893,0.088
B,0.3385,0.3426,0.4363,0.2902,0.3197,0.3051,0.3091,0.3664,0.6205,0.6881,0.7111,0.3123
C,0.2698,0.2526,0.4197,0.3258,0.3413,0.3212,0.313,0.3607,0.6252,0.6843,0.684,0.2368
D,0.3427,0.2355,0.2456,0.3464,0.3352,0.3265,0.3066,0.3536,0.6308,0.6862,0.6972,0.3263
E,,0.3461,0.3692,0.6489,0.6348,0.6304,0.3105,0.2949,0.3826,0.4225,0.4389,
F,,0.3848,0.3608,0.6262,0.6633,0.6136,0.2924,0.2297,0.3704,0.4136,0.4253,
G,,0.398,0.4222,0.6964,0.7481,0.7169,0.3174,0.2635,0.365,0.4081,0.3869,
H,,,,,,,,,,,,
<>,1,2,3,4,5,6,7,8,9,10,11,12
A,0.0881,0.0867,0.0872,0.0891,0.0899,0.0873,0.0877,0.0874,0.0917,0.0894,0.0892,0.0881
B,0.338,0.3409,0.4381,0.2889,0.3192,0.3038,0.3081,0.3628,0.6166,0.689,0.7119,0.3118
C,0.2721,0.253,0.4168,0.3255,0.3397,0.3202,0.3118,0.3546,0.6207,0.6844,0.6857,0.2359
D,0.342,0.2381,0.2472,0.3455,0.3341,0.3254,0.3056,0.3471,0.6241,0.6844,0.6982,0.3272
E,,0.3449,0.3601,0.6477,0.6298,0.6318,0.3103,0.2953,0.382,0.4218,0.438,
F,,0.3843,0.3514,0.6213,0.6643,0.6125,0.2921,0.232,0.3695,0.4129,0.4253,
G,,0.3983,0.4051,0.6934,0.7434,0.7166,0.3172,0.2642,0.3643,0.4075,0.3867,
H,,,,,,,,,,,,
<>,1,2,3,4,5,6,7,8,9,10,11,12
A,0.088,0.0856,0.0873,0.089,0.09,0.0874,0.0874,0.0876,0.0918,0.0893,0.0896,0.0881
B,0.3375,0.3409,0.4369,0.2891,0.3186,0.3029,0.3069,0.3563,0.6118,0.6869,0.7129,0.3121
C,0.2732,0.2536,0.4128,0.325,0.3394,0.3191,0.3109,0.3481,0.6146,0.6833,0.6847,0.2365
D,0.3409,0.2398,0.2485,0.3441,0.3332,0.3246,0.3047,0.3443,0.6189,0.6831,0.697,0.3266
E,,0.344,0.3534,0.6455,0.6326,0.6338,0.3085,0.2918,0.3813,0.4208,0.4369,
F,,0.3834,0.3476,0.6186,0.6638,0.6122,0.2918,0.2347,0.3695,0.4123,0.4246,
G,,0.3985,0.3917,0.6915,0.7441,0.7191,0.3167,0.2662,0.3642,0.4069,0.3867,
H,,,,,,,,,,,,
<>,1,2,3,4,5,6,7,8,9,10,11,12
A,0.0881,0.0852,0.0881,0.0894,0.0901,0.0879,0.0875,0.0875,0.0918,0.0894,0.0894,0.0879
B,0.3364,0.3404,0.4364,0.2884,0.3176,0.3018,0.3057,0.354,0.604,0.6862,0.7125,0.3119
C,0.2764,0.2564,0.4099,0.3244,0.3391,0.3175,0.3095,0.343,0.6103,0.6832,0.6844,0.2392
D,0.3407,0.2412,0.2502,0.3442,0.3328,0.3233,0.303,0.3366,0.6124,0.6831,0.6989,0.3289
E,,0.3436,0.3502,0.6424,0.6328,0.6344,0.3088,0.291,0.3805,0.4205,0.436,
F,,0.3826,0.3401,0.6107,0.6707,0.6087,0.2909,0.2368,0.3684,0.4114,0.4242,
G,,0.3987,0.3809,0.6862,0.742,0.718,0.3168,0.2676,0.3637,0.4062,0.386,
H,,,,,,,,,,,,
<>,1,2,3,4,5,6,7,8,9,10,11,12
A,0.0881,0.0852,0.0881,0.089,0.0903,0.0874,0.0874,0.0874,0.0916,0.0898,0.0894,0.0878
B,0.3362,0.3381,0.4292,0.288,0.3166,0.3006,0.3047,0.3425,0.6094,0.6846,0.7136,0.3114
C,0.2795,0.2564,0.4079,0.3236,0.3379,0.3168,0.3082,0.3409,0.6133,0.6828,0.6874,0.2798
D,0.3401,0.2464,0.2522,0.3439,0.3322,0.3226,0.3059,0.3386,0.6136,0.6831,0.6968,0.3282
E,,0.3421,0.3447,0.6406,0.6351,0.6389,0.3065,0.2888,0.3797,0.4197,0.435,
F,,0.3822,0.3357,0.6063,0.6733,0.6112,0.2908,0.2389,0.368,0.4109,0.4235,
G,,0.3991,0.3715,0.6832,0.7502,0.7236,0.3163,0.2694,0.3636,0.4055,0.3852,
H,,,,,,,,,,,,
<>,1,2,3,4,5,6,7,8,9,10,11,12
A,0.0882,0.0868,0.0876,0.0895,0.0902,0.0884,0.0881,0.0877,0.0921,0.0904,0.0894,0.0882
B,0.3358,0.3363,0.4277,0.2875,0.316,0.2994,0.3035,0.3474,0.5969,0.6844,0.7131,0.3109
C,0.2863,0.2572,0.4052,0.3237,0.3379,0.316,0.3073,0.3383,0.6018,0.682,0.6832,0.2454
D,0.3391,0.2489,0.2537,0.3432,0.3315,0.3215,0.3048,0.3332,0.599,0.6819,0.6959,0.3287
E,,0.3411,0.3415,0.637,0.6438,0.6395,0.3043,0.2888,0.379,0.419,0.4339,
F,,0.3817,0.3328,0.5977,0.6726,0.6121,0.2899,0.2418,0.3676,0.4102,0.4228,
G,,0.4008,0.3634,0.6774,0.7418,0.7241,0.3159,0.2715,0.363,0.4047,0.3846,
H,,,,,,,,,,,,
