A2,A3,A4,A5,A6,A7,A8,A9,A10,A11,B2,B3,B4,B5,B6,B7,B8,B9,B10,B11,C2,C3,C4,C5,C6,C7,C8,C9,C10,C11,D2,D3,D4,D5,D6,D7,D8,D9,D10,D11,E2,E3,E4,E5,E6,E7,E8,E9,E10,E11,F2,F3,F4,F5,F6,F7,F8,F9,F10,F11,G2,G3,G4,G5,G6,G7,G8,G9,G10,G11
0.0924,0.092,0.0925,0.0939,0.0933,0.0945,0.0933,0.0934,0.0934,0.0934,0.1286,0.13,0.131,0.1308,0.1298,0.127,0.1265,0.1279,0.1292,0.1297,0.1278,0.1298,0.13,0.1293,0.1295,0.1268,0.1296,0.1323,0.1282,0.1275,0.129,0.1299,0.13,0.1302,0.1295,0.1279,0.127,0.1265,0.1286,0.1283,0.127,0.1283,0.1288,0.1282,0.1278,0.1273,0.1274,0.1266,0.1305,0.1285,0.1281,0.1273,0.1286,0.1297,0.1297,0.1276,0.1301,0.1296,0.1306,0.1308,0.127,0.1293,0.1283,0.1288,0.1272,0.13,0.1291,0.1287,0.1303,0.132
0.0923,0.092,0.0921,0.0936,0.0926,0.094,0.093,0.0931,0.0932,0.0928,0.1343,0.1356,0.1392,0.1383,0.1369,0.1373,0.1345,0.1355,0.1344,0.1354,0.1569,0.1349,0.1353,0.1349,0.1344,0.134,0.1342,0.1364,0.1322,0.1323,0.1357,0.1351,0.1358,0.1361,0.1355,0.1339,0.1336,0.1332,0.1332,0.1372,0.152,0.1313,0.1324,0.1321,0.1308,0.1343,0.1337,0.1355,0.1361,0.1348,0.132,0.1306,0.1358,0.133,0.1345,0.1351,0.1365,0.1359,0.1361,0.1366,0.1456,0.1326,0.1323,0.1317,0.1305,0.1359,0.1347,0.1342,0.1344,0.1364
0.0917,0.0921,0.0922,0.0935,0.0926,0.0939,0.093,0.093,0.093,0.0927,0.1359,0.1399,0.1454,0.1471,0.1449,0.1458,0.1424,0.1413,0.1387,0.1399,0.1356,0.1403,0.1419,0.1438,0.1436,0.1424,0.1425,0.1423,0.137,0.1356,0.1366,0.1399,0.1418,0.1451,0.1441,0.141,0.1407,0.1383,0.137,0.1381,0.1732,0.1368,0.1367,0.1348,0.1335,0.1389,0.1403,0.1446,0.1449,0.1433,0.1402,0.1364,0.136,0.1358,0.1355,0.1398,0.1413,0.1434,0.1442,0.1456,0.1818,0.1389,0.1368,0.1354,0.1332,0.1416,0.1403,0.1415,0.1426,0.145
0.0921,0.0914,0.0918,0.0935,0.0925,0.0937,0.0929,0.0931,0.0932,0.0928,0.1409,0.1458,0.1512,0.1583,0.1559,0.1557,0.1504,0.1493,0.1454,0.1457,0.1413,0.1444,0.1475,0.1545,0.1542,0.1524,0.1492,0.1494,0.1429,0.141,0.1416,0.1449,0.1482,0.156,0.1545,0.1513,0.1486,0.146,0.1438,0.1428,0.1499,0.1416,0.1403,0.1383,0.1376,0.1428,0.1445,0.1516,0.1548,0.1544,0.1481,0.143,0.1411,0.1406,0.14,0.1436,0.147,0.1505,0.1539,0.1558,0.1462,0.1459,0.1402,0.1383,0.1363,0.1442,0.1449,0.1483,0.151,0.1548
0.0911,0.0921,0.092,0.0935,0.0926,0.0939,0.0929,0.093,0.093,0.0926,0.1472,0.1548,0.1607,0.1683,0.1673,0.1652,0.1594,0.1566,0.1517,0.1511,0.1467,0.153,0.1563,0.1664,0.1655,0.1617,0.1572,0.1562,0.1491,0.1467,0.1476,0.1529,0.1571,0.1649,0.1656,0.1608,0.1565,0.1535,0.1499,0.1483,0.1598,0.148,0.1475,0.1452,0.1436,0.1503,0.1518,0.1591,0.1654,0.1642,0.1576,0.1483,0.1487,0.1479,0.1463,0.1507,0.1549,0.1585,0.164,0.1668,0.1554,0.1512,0.147,0.1448,0.1423,0.1504,0.1526,0.1553,0.1609,0.1646
0.0917,0.0915,0.0921,0.0934,0.0925,0.0938,0.093,0.093,0.0931,0.0925,0.1526,0.1644,0.172,0.1808,0.1798,0.1776,0.1696,0.1649,0.1591,0.1576,0.1525,0.1637,0.1664,0.1767,0.1792,0.1727,0.166,0.164,0.1564,0.1525,0.1532,0.1636,0.1674,0.1784,0.1753,0.1737,0.1658,0.1619,0.1571,0.1542,0.1683,0.1565,0.1556,0.1522,0.1497,0.1573,0.1626,0.1707,0.1781,0.1767,0.1658,0.1566,0.1576,0.155,0.1524,0.157,0.1643,0.1699,0.1763,0.1804,0.16,0.1601,0.1549,0.1517,0.1481,0.1561,0.1626,0.1659,0.1729,0.1759
0.0922,0.0917,0.0918,0.0934,0.0925,0.0938,0.0931,0.093,0.0929,0.0925,0.1577,0.1754,0.1846,0.1951,0.1949,0.1934,0.1822,0.1758,0.1676,0.1647,0.1589,0.1756,0.1787,0.1905,0.1892,0.1868,0.178,0.1741,0.1644,0.1592,0.1589,0.1751,0.1796,0.1895,0.1884,0.1862,0.1777,0.1716,0.1649,0.1609,0.175,0.1667,0.1652,0.1597,0.1559,0.1658,0.1751,0.1845,0.1902,0.1898,0.1741,0.1671,0.1674,0.1631,0.159,0.1655,0.1756,0.1826,0.188,0.1918,0.1689,0.1708,0.1642,0.1598,0.1541,0.1621,0.1735,0.178,0.1848,0.1864
0.0918,0.0915,0.0918,0.0933,0.0926,0.0939,0.093,0.093,0.0931,0.0926,0.1651,0.1879,0.2014,0.214,0.2126,0.2099,0.1982,0.1879,0.1779,0.1728,0.1653,0.1886,0.1929,0.2062,0.2057,0.2011,0.1928,0.1859,0.1741,0.1664,0.1654,0.1876,0.1944,0.2063,0.2019,0.1998,0.1927,0.1838,0.175,0.1687,0.1891,0.1794,0.1764,0.1687,0.1633,0.1752,0.1874,0.1993,0.211,0.2057,0.1881,0.1801,0.1785,0.1728,0.166,0.1733,0.1889,0.1974,0.2065,0.207,0.1817,0.1842,0.1751,0.1688,0.1609,0.1693,0.1881,0.1917,0.202,0.2019
0.0919,0.0918,0.092,0.0934,0.0928,0.0939,0.0931,0.093,0.0931,0.0926,0.1725,0.1993,0.2218,0.2362,0.2346,0.2321,0.2158,0.2023,0.1898,0.1821,0.173,0.202,0.2102,0.2275,0.224,0.2214,0.2097,0.1997,0.1851,0.1749,0.1735,0.2027,0.2133,0.2288,0.2226,0.2192,0.2103,0.1981,0.1863,0.1775,0.2071,0.1946,0.1901,0.1788,0.1713,0.1857,0.2017,0.2195,0.2302,0.2279,0.2058,0.1949,0.1923,0.1842,0.1747,0.1852,0.2041,0.2159,0.2259,0.2304,0.1982,0.2008,0.1879,0.1793,0.1691,0.1786,0.2027,0.2076,0.2242,0.2222
0.0922,0.0919,0.092,0.0933,0.0925,0.0937,0.0928,0.0929,0.0931,0.0926,0.182,0.2145,0.2465,0.2611,0.2615,0.2596,0.239,0.2223,0.2045,0.1938,0.1828,0.2169,0.2349,0.2527,0.249,0.2463,0.231,0.2169,0.1992,0.1851,0.1823,0.2161,0.2371,0.2569,0.2479,0.2431,0.2307,0.2156,0.2008,0.188,0.2291,0.2126,0.2054,0.19,0.1811,0.1983,0.2185,0.2434,0.2599,0.2537,0.2264,0.2129,0.2083,0.1972,0.184,0.1992,0.2174,0.2365,0.2503,0.2529,0.2182,0.2191,0.2028,0.1921,0.178,0.1901,0.2211,0.2282,0.2445,0.2422
0.0921,0.0919,0.0918,0.0934,0.0928,0.094,0.0932,0.0932,0.0933,0.0927,0.1936,0.2284,0.2768,0.2867,0.2935,0.2897,0.2642,0.2421,0.2198,0.207,0.1937,0.233,0.2661,0.2782,0.2764,0.2775,0.2566,0.236,0.2157,0.1983,0.1923,0.2318,0.2668,0.2895,0.2798,0.2701,0.256,0.235,0.2164,0.2009,0.2569,0.235,0.2251,0.2039,0.1924,0.2119,0.2351,0.2752,0.2958,0.2908,0.2523,0.2362,0.2277,0.2125,0.1954,0.2155,0.233,0.268,0.2796,0.2874,0.2416,0.2415,0.2203,0.2061,0.1891,0.203,0.2424,0.2574,0.2697,0.273
0.0915,0.0918,0.0918,0.0934,0.0925,0.0938,0.0931,0.0928,0.093,0.0925,0.2069,0.2459,0.3104,0.3275,0.3283,0.3267,0.2964,0.2661,0.2413,0.2237,0.2073,0.2505,0.3141,0.3131,0.3132,0.3137,0.2869,0.2596,0.2351,0.2133,0.2045,0.2525,0.298,0.3386,0.3218,0.3031,0.2841,0.2572,0.2345,0.2156,0.2897,0.2635,0.2465,0.2203,0.2057,0.2285,0.2575,0.3125,0.3358,0.3329,0.2824,0.2643,0.2511,0.2293,0.2083,0.2339,0.2536,0.2983,0.3123,0.3286,0.2721,0.2678,0.2401,0.2221,0.2021,0.2184,0.2652,0.2864,0.303,0.313
0.092,0.092,0.092,0.0935,0.0927,0.094,0.0931,0.093,0.093,0.0927,0.2231,0.2669,0.3497,0.3799,0.3772,0.3715,0.341,0.2986,0.2686,0.2428,0.2229,0.2669,0.3346,0.3519,0.3564,0.3538,0.3275,0.289,0.2614,0.2321,0.2182,0.2717,0.3352,0.389,0.3613,0.3428,0.3235,0.2862,0.2559,0.2341,0.3282,0.2936,0.2771,0.2397,0.2202,0.2471,0.2832,0.3551,0.3821,0.3813,0.3195,0.2944,0.2845,0.25,0.2239,0.2546,0.2776,0.3311,0.349,0.3729,0.3014,0.3072,0.2635,0.2404,0.2153,0.2354,0.29,0.3162,0.3424,0.37
0.0918,0.0914,0.0917,0.0932,0.0925,0.0937,0.0929,0.0929,0.093,0.0925,0.2413,0.2896,0.4068,0.4262,0.4342,0.4357,0.3991,0.3494,0.3063,0.2716,0.242,0.2917,0.3887,0.3958,0.4073,0.4046,0.3813,0.3267,0.2963,0.2579,0.2346,0.2981,0.3905,0.4499,0.4185,0.3931,0.3661,0.3215,0.2826,0.2568,0.3735,0.3369,0.3181,0.2629,0.2399,0.2679,0.3101,0.3931,0.4393,0.4351,0.3817,0.3349,0.3327,0.277,0.2425,0.2765,0.3078,0.3689,0.3805,0.4359,0.3403,0.3472,0.2925,0.265,0.2353,0.2556,0.3154,0.3499,0.3851,0.4177
0.0919,0.0918,0.0917,0.0934,0.0926,0.0939,0.0933,0.0931,0.0931,0.0926,0.262,0.3154,0.4533,0.4997,0.4994,0.516,0.468,0.4098,0.3553,0.3135,0.2625,0.3183,0.4359,0.4526,0.4943,0.4716,0.4493,0.3915,0.345,0.2943,0.2538,0.3256,0.4448,0.4861,0.4944,0.4673,0.4292,0.3764,0.3228,0.2888,0.4286,0.4034,0.3532,0.2941,0.2647,0.2883,0.3403,0.4428,0.467,0.5003,0.4218,0.3857,0.3847,0.3079,0.2662,0.3001,0.3446,0.4127,0.4247,0.4905,0.3825,0.4057,0.3353,0.2936,0.2593,0.278,0.345,0.3893,0.428,0.4688
0.0918,0.0919,0.0918,0.0934,0.0925,0.0938,0.093,0.0928,0.0931,0.0925,0.2842,0.3463,0.4921,0.5441,0.566,0.6293,0.5464,0.4771,0.4053,0.3616,0.2852,0.348,0.4655,0.498,0.5127,0.5823,0.5319,0.4502,0.3987,0.3377,0.2757,0.3573,0.4823,0.5493,0.5614,0.5155,0.5093,0.4354,0.3796,0.3321,0.4837,0.4218,0.3956,0.3257,0.2981,0.3118,0.3738,0.4988,0.5033,0.5608,0.4758,0.431,0.4442,0.3545,0.2985,0.3244,0.3833,0.4543,0.4628,0.5477,0.4371,0.4637,0.3892,0.3343,0.2907,0.3002,0.3793,0.4279,0.4737,0.554
0.0916,0.092,0.092,0.0936,0.0926,0.0939,0.0931,0.093,0.0931,0.0926,0.3086,0.3787,0.5256,0.5886,0.6434,0.6944,0.6388,0.5428,0.4483,0.409,0.3102,0.381,0.506,0.5472,0.583,0.6452,0.6,0.5007,0.4531,0.3661,0.3019,0.3928,0.5157,0.5537,0.6842,0.5839,0.5916,0.49,0.4503,0.3862,0.5405,0.4709,0.4109,0.3661,0.337,0.337,0.4114,0.5425,0.5672,0.6294,0.5551,0.4689,0.4832,0.3794,0.3352,0.3519,0.4214,0.5122,0.5021,0.5833,0.4793,0.5318,0.4463,0.3666,0.3279,0.3226,0.4123,0.4734,0.5281,0.6196
0.0914,0.0919,0.0918,0.0934,0.0926,0.0939,0.0931,0.093,0.093,0.0925,0.3339,0.4133,0.576,0.6048,0.6898,0.7345,0.6956,0.602,0.5079,0.4494,0.3396,0.4168,0.537,0.591,0.5835,0.6625,0.6517,0.5655,0.5108,0.4057,0.3339,0.4307,0.5617,0.606,0.7322,0.6525,0.6642,0.5596,0.4967,0.4424,0.6008,0.5358,0.4657,0.4155,0.3605,0.3637,0.4489,0.5826,0.6301,0.7481,0.5711,0.5153,0.5102,0.4294,0.3983,0.383,0.4626,0.5729,0.5409,0.6551,0.5224,0.5912,0.5448,0.4017,0.3642,0.3512,0.4534,0.53,0.5769,0.7418
0.0919,0.092,0.092,0.0936,0.0925,0.0938,0.093,0.0928,0.0929,0.0924,0.3613,0.4482,0.6118,0.6809,0.7135,0.7307,0.7243,0.6412,0.5706,0.4849,0.368,0.4503,0.572,0.6209,0.6358,0.6806,0.6778,0.6065,0.5551,0.451,0.3616,0.4655,0.5951,0.716,0.7356,0.7173,0.7373,0.6226,0.5361,0.4873,0.655,0.588,0.5364,0.4887,0.3842,0.3939,0.4836,0.6313,0.6669,0.815,0.6202,0.5715,0.6366,0.4814,0.491,0.4147,0.503,0.5958,0.5961,0.7177,0.5767,0.6414,0.5982,0.4523,0.4007,0.3784,0.4896,0.5654,0.6464,0.8247
0.0919,0.0914,0.0916,0.0933,0.0925,0.0939,0.0931,0.093,0.0931,0.0926,0.3902,0.4779,0.63,0.6871,0.674,0.7486,0.7407,0.689,0.6327,0.5324,0.4007,0.4796,0.5998,0.6755,0.6613,0.6885,0.7111,0.6595,0.6095,0.5004,0.3953,0.4973,0.6178,0.7804,0.7511,0.7736,0.7542,0.6755,0.5921,0.5299,0.6812,0.6335,0.6053,0.5533,0.4242,0.4262,0.5109,0.6674,0.7413,0.8452,0.6688,0.6311,0.6586,0.5451,0.5561,0.4472,0.5381,0.6211,0.6487,0.7837,0.632,0.683,0.624,0.5222,0.4493,0.4083,0.521,0.5944,0.6757,0.92
0.0918,0.0918,0.0916,0.0934,0.0925,0.0938,0.0928,0.0929,0.093,0.0924,0.4196,0.5039,0.6477,0.6596,0.6617,0.7574,0.7796,0.734,0.698,0.5795,0.4321,0.5037,0.6195,0.6526,0.6398,0.6817,0.7505,0.6966,0.6528,0.5572,0.4312,0.5217,0.635,0.7054,0.7214,0.7608,0.7692,0.6927,0.6276,0.5681,0.6972,0.6797,0.6544,0.5951,0.4608,0.4683,0.5344,0.6852,0.8139,0.8139,0.6864,0.68,0.6643,0.6055,0.6073,0.4804,0.5667,0.6541,0.6985,0.8637,0.6688,0.6974,0.665,0.5854,0.5026,0.4386,0.5472,0.6281,0.7441,0.9462
0.0921,0.0917,0.0919,0.0934,0.0925,0.0937,0.0929,0.0927,0.093,0.0924,0.4528,0.5245,0.6471,0.6444,0.6854,0.7634,0.7888,0.7658,0.7572,0.645,0.4663,0.5231,0.6283,0.6388,0.635,0.6945,0.7627,0.7473,0.7121,0.6136,0.4695,0.5427,0.6537,0.6823,0.6636,0.7576,0.786,0.7419,0.6773,0.6028,0.6872,0.6726,0.6939,0.645,0.512,0.5103,0.5545,0.7096,0.7707,0.7647,0.6689,0.6696,0.6966,0.6254,0.6051,0.5154,0.5861,0.6772,0.7487,0.8105,0.6505,0.7195,0.6796,0.6383,0.5522,0.468,0.5695,0.6503,0.7977,0.8518
0.0921,0.0919,0.092,0.0937,0.0928,0.094,0.0935,0.093,0.0931,0.0927,0.4948,0.5393,0.6259,0.6371,0.6766,0.7733,0.8066,0.7741,0.7956,0.6983,0.5022,0.5405,0.6062,0.6226,0.6451,0.7036,0.7695,0.7777,0.7637,0.6793,0.5046,0.5596,0.6262,0.6598,0.6389,0.7652,0.8,0.7742,0.7301,0.6741,0.6867,0.6643,0.7212,0.698,0.5666,0.5544,0.5738,0.682,0.7226,0.725,0.6702,0.6607,0.6968,0.6746,0.6555,0.5528,0.606,0.6722,0.7346,0.7158,0.6316,0.7126,0.712,0.6766,0.5979,0.4946,0.5897,0.6555,0.7501,0.7803
0.0922,0.0918,0.0917,0.0934,0.0926,0.0938,0.0931,0.0927,0.0929,0.0925,0.5389,0.521,0.6102,0.6299,0.6831,0.7832,0.8177,0.8006,0.8161,0.7496,0.5398,0.5215,0.5911,0.6137,0.6512,0.7153,0.7771,0.8049,0.8011,0.7369,0.5423,0.5426,0.6085,0.6464,0.6444,0.7724,0.8107,0.8117,0.7627,0.7296,0.6861,0.6578,0.7358,0.7291,0.6195,0.5848,0.554,0.66,0.696,0.7148,0.6626,0.6537,0.7009,0.711,0.7208,0.5838,0.5977,0.6477,0.6845,0.7027,0.6255,0.7073,0.7054,0.7246,0.6421,0.5194,0.586,0.6293,0.7111,0.7394
0.0912,0.0918,0.0916,0.0934,0.0925,0.0935,0.0929,0.0925,0.0928,0.0923,0.5714,0.5062,0.6008,0.6227,0.6861,0.7907,0.8276,0.817,0.8241,0.7909,0.575,0.5057,0.578,0.6021,0.6537,0.7231,0.7828,0.8215,0.8207,0.7817,0.5739,0.5243,0.5947,0.6393,0.6545,0.7821,0.8219,0.8434,0.774,0.7757,0.6846,0.6562,0.7418,0.754,0.6666,0.6094,0.537,0.6434,0.6773,0.7073,0.6555,0.6536,0.6943,0.7239,0.7738,0.607,0.5832,0.6307,0.6256,0.6944,0.6232,0.7051,0.7013,0.7443,0.6905,0.5406,0.5638,0.6115,0.6983,0.7198
0.0915,0.0919,0.0917,0.0936,0.0926,0.094,0.0933,0.093,0.0932,0.0925,0.5867,0.4939,0.5896,0.6122,0.6907,0.7951,0.8327,0.8249,0.8372,0.8047,0.5945,0.4919,0.5684,0.5933,0.6609,0.7353,0.7941,0.833,0.8423,0.8179,0.5875,0.5105,0.5839,0.6307,0.6814,0.7854,0.8331,0.8619,0.7937,0.8126,0.6853,0.6582,0.7508,0.7678,0.6823,0.6056,0.5235,0.6338,0.6657,0.7175,0.6531,0.6518,0.6988,0.7349,0.7914,0.6055,0.5729,0.6213,0.6208,0.6866,0.6195,0.7031,0.695,0.7356,0.7332,0.544,0.5482,0.5982,0.6732,0.7145
0.0921,0.0917,0.0918,0.0933,0.0925,0.0935,0.0932,0.0926,0.0928,0.0922,0.5914,0.4855,0.5828,0.6026,0.6923,0.7935,0.8324,0.8332,0.852,0.8138,0.5968,0.4831,0.5581,0.5873,0.6653,0.7438,0.8053,0.8456,0.8572,0.832,0.5874,0.5005,0.5778,0.6217,0.7011,0.7888,0.8415,0.8769,0.8233,0.8259,0.6899,0.663,0.7711,0.7804,0.6913,0.6037,0.5153,0.6243,0.6587,0.7225,0.6528,0.6484,0.7077,0.7449,0.8059,0.6001,0.5656,0.6113,0.6273,0.6812,0.6156,0.7102,0.6964,0.7323,0.7459,0.5265,0.5372,0.5879,0.6631,0.7107
0.0921,0.0916,0.0916,0.0934,0.0925,0.0938,0.093,0.0928,0.0929,0.0925,0.6038,0.4794,0.5765,0.5968,0.6989,0.7956,0.8321,0.8386,0.8627,0.8229,0.6031,0.475,0.5523,0.5806,0.6693,0.7533,0.8131,0.8564,0.8649,0.8434,0.589,0.4922,0.5715,0.6138,0.7137,0.7901,0.849,0.8892,0.843,0.8416,0.692,0.6668,0.7847,0.7889,0.6997,0.6056,0.5093,0.6172,0.6515,0.7291,0.6548,0.6525,0.7194,0.7569,0.823,0.6042,0.5614,0.6094,0.639,0.6827,0.6116,0.7146,0.7036,0.7303,0.7399,0.5189,0.5301,0.5815,0.6481,0.7072
0.0917,0.0915,0.0916,0.0935,0.0925,0.0939,0.0931,0.0931,0.0933,0.0926,0.6179,0.4739,0.5726,0.5907,0.7016,0.7931,0.8272,0.8374,0.8656,0.8358,0.61,0.4694,0.5465,0.5743,0.6732,0.7614,0.8198,0.8672,0.8744,0.8544,0.5961,0.4854,0.5701,0.6072,0.722,0.7908,0.855,0.8957,0.8629,0.8614,0.6914,0.6725,0.7957,0.7993,0.7095,0.6157,0.5077,0.6108,0.646,0.7358,0.6521,0.6528,0.7325,0.7666,0.8353,0.6115,0.5573,0.6011,0.6349,0.6786,0.6086,0.7192,0.7005,0.7308,0.7335,0.5253,0.524,0.5751,0.6457,0.7053
0.092,0.0918,0.0918,0.0936,0.0928,0.094,0.0931,0.0931,0.0934,0.0927,0.6263,0.4703,0.5698,0.5853,0.7032,0.7882,0.8249,0.8383,0.8714,0.8484,0.6151,0.4654,0.5424,0.5711,0.6758,0.767,0.8251,0.8722,0.882,0.8646,0.5941,0.4803,0.569,0.603,0.7282,0.7857,0.8587,0.9022,0.8735,0.881,0.687,0.6761,0.8052,0.8087,0.7184,0.6196,0.5065,0.6064,0.6402,0.739,0.6536,0.6526,0.7431,0.7796,0.8473,0.6165,0.5521,0.6018,0.6131,0.682,0.6052,0.7273,0.7031,0.7348,0.7306,0.5307,0.5212,0.5712,0.6359,0.7054
0.092,0.0918,0.0917,0.0935,0.0928,0.094,0.0931,0.0931,0.0934,0.0927,0.6352,0.4684,0.5711,0.5807,0.7037,0.788,0.8263,0.841,0.8772,0.8624,0.6203,0.4625,0.5402,0.5672,0.675,0.7718,0.8268,0.8782,0.8879,0.8736,0.5829,0.4767,0.568,0.5995,0.7327,0.7785,0.8616,0.9072,0.8828,0.8986,0.682,0.6826,0.8165,0.8189,0.7252,0.6169,0.5078,0.6031,0.639,0.7452,0.6459,0.6528,0.7515,0.787,0.8539,0.6185,0.5496,0.5971,0.6123,0.6849,0.6018,0.7426,0.7063,0.7378,0.7318,0.5354,0.5215,0.5656,0.6339,0.7056
0.0919,0.0919,0.0918,0.0935,0.0926,0.0938,0.0931,0.0929,0.0931,0.0927,0.637,0.467,0.5738,0.5776,0.7053,0.79,0.8251,0.8439,0.8804,0.8711,0.6269,0.4606,0.5384,0.5652,0.6741,0.7668,0.8264,0.8806,0.8933,0.8783,0.5794,0.4744,0.5686,0.5975,0.7362,0.7693,0.8634,0.9102,0.889,0.9098,0.6774,0.6879,0.8184,0.8272,0.7302,0.6134,0.5118,0.5986,0.6379,0.7503,0.6456,0.6547,0.7625,0.7949,0.8617,0.6194,0.5482,0.5951,0.6067,0.6896,0.5991,0.7516,0.7095,0.7419,0.7319,0.5376,0.5232,0.5622,0.6277,0.706
0.0921,0.0916,0.0917,0.0933,0.0923,0.0935,0.0927,0.0924,0.0927,0.0924,0.6377,0.4687,0.5805,0.5785,0.7059,0.788,0.8223,0.8435,0.8846,0.8825,0.6314,0.4621,0.54,0.5639,0.6745,0.769,0.8263,0.8817,0.8955,0.8787,0.5735,0.4744,0.5702,0.5983,0.7421,0.76,0.8673,0.9128,0.8953,0.9208,0.6711,0.6878,0.8254,0.8378,0.7375,0.6111,0.5184,0.5963,0.6406,0.7559,0.6427,0.6551,0.7722,0.804,0.8703,0.6184,0.5481,0.5999,0.6051,0.6955,0.5968,0.7624,0.714,0.7393,0.7314,0.5413,0.5257,0.5594,0.624,0.7045
0.0917,0.0916,0.0917,0.0934,0.0928,0.0937,0.0929,0.0925,0.0927,0.0925,0.635,0.4707,0.5862,0.5821,0.7034,0.7846,0.8172,0.8391,0.8886,0.8887,0.6375,0.462,0.5418,0.5665,0.6722,0.7676,0.8275,0.8854,0.9028,0.8847,0.5638,0.476,0.5714,0.6076,0.745,0.7545,0.871,0.9158,0.9021,0.9292,0.6656,0.6903,0.8351,0.8457,0.7438,0.6093,0.5244,0.5957,0.6388,0.7605,0.6372,0.6514,0.7794,0.8126,0.8766,0.6173,0.5485,0.5989,0.6042,0.7024,0.5955,0.7698,0.7238,0.7447,0.7349,0.5447,0.5309,0.5586,0.6239,0.705
0.0916,0.0918,0.0917,0.0935,0.0926,0.0939,0.093,0.0931,0.093,0.0925,0.6305,0.4759,0.5929,0.5876,0.7031,0.7808,0.8138,0.8339,0.892,0.8942,0.644,0.4653,0.5459,0.5701,0.6717,0.7657,0.8333,0.8877,0.9085,0.8893,0.5576,0.4787,0.5736,0.6115,0.7463,0.7468,0.8732,0.9172,0.9059,0.9355,0.6605,0.6929,0.8447,0.8546,0.7497,0.6079,0.5312,0.596,0.6405,0.7662,0.635,0.6534,0.7876,0.8172,0.8815,0.6131,0.5506,0.5977,0.6014,0.7104,0.5942,0.7673,0.729,0.7512,0.7353,0.5495,0.5384,0.5579,0.6217,0.7069
0.092,0.0914,0.0917,0.0933,0.0926,0.0935,0.0926,0.0924,0.0926,0.0924,0.627,0.4808,0.6011,0.5936,0.7021,0.7761,0.8073,0.8294,0.896,0.898,0.6471,0.4677,0.5481,0.5749,0.6707,0.7603,0.8351,0.8914,0.9126,0.8938,0.5524,0.4836,0.5763,0.6158,0.747,0.7404,0.8723,0.9226,0.9128,0.9417,0.6548,0.6958,0.8548,0.8628,0.7551,0.6059,0.5418,0.5989,0.6449,0.7727,0.6307,0.6514,0.7945,0.8241,0.8899,0.6109,0.5541,0.6,0.6029,0.7197,0.5939,0.7702,0.7357,0.7552,0.7443,0.5521,0.5454,0.5609,0.6227,0.7166
0.092,0.0915,0.0918,0.0932,0.0924,0.0935,0.0927,0.0927,0.0928,0.0923,0.6181,0.4867,0.6103,0.601,0.7028,0.7709,0.8036,0.8252,0.9016,0.9059,0.6522,0.4721,0.5524,0.5799,0.6716,0.7579,0.8376,0.8955,0.9189,0.8963,0.5455,0.4893,0.5867,0.6211,0.7472,0.7346,0.8704,0.9266,0.9186,0.9484,0.6497,0.7035,0.8628,0.8702,0.7613,0.6069,0.5524,0.6024,0.6522,0.7794,0.6292,0.6528,0.802,0.8309,0.8965,0.6112,0.5578,0.6025,0.6054,0.7279,0.5956,0.7706,0.7475,0.7647,0.7513,0.5561,0.5543,0.5662,0.6225,0.7249
0.0913,0.0916,0.0914,0.0933,0.0925,0.0936,0.0924,0.0927,0.0928,0.0926,0.6073,0.493,0.6219,0.6083,0.701,0.7685,0.7998,0.8216,0.9071,0.9127,0.6578,0.4781,0.5598,0.5866,0.6714,0.7541,0.8389,0.9015,0.9253,0.9011,0.5356,0.4965,0.588,0.6249,0.748,0.7332,0.8676,0.9324,0.9229,0.9569,0.6456,0.7033,0.8722,0.8792,0.7673,0.6053,0.5616,0.6077,0.6539,0.7857,0.6284,0.6562,0.8098,0.8377,0.9034,0.6106,0.5623,0.6072,0.6111,0.735,0.5957,0.773,0.7577,0.7738,0.7609,0.5584,0.5557,0.5738,0.6293,0.7357
0.0917,0.0919,0.0917,0.0935,0.0926,0.0937,0.0928,0.0929,0.0931,0.0927,0.5991,0.5018,0.6324,0.6132,0.6976,0.7662,0.7985,0.8168,0.9109,0.9182,0.6617,0.4832,0.5687,0.5912,0.672,0.7511,0.8386,0.9148,0.9315,0.9062,0.5295,0.5042,0.5925,0.6257,0.7473,0.731,0.8652,0.9366,0.928,0.9603,0.643,0.7055,0.8785,0.8866,0.7729,0.6036,0.571,0.6141,0.6614,0.7949,0.6309,0.6566,0.8163,0.8459,0.9112,0.6079,0.567,0.6131,0.626,0.7452,0.5974,0.7771,0.7673,0.7844,0.7715,0.5614,0.5521,0.5841,0.6292,0.7498
0.0922,0.0916,0.0916,0.0935,0.0928,0.094,0.0932,0.093,0.0932,0.0928,0.5908,0.5103,0.645,0.6163,0.6973,0.7676,0.7983,0.818,0.918,0.9252,0.6679,0.4874,0.5821,0.5943,0.6711,0.7515,0.8387,0.9237,0.9371,0.9119,0.522,0.5136,0.6008,0.6318,0.7476,0.7311,0.8617,0.9421,0.9347,0.9654,0.6418,0.7078,0.8857,0.8955,0.7789,0.6057,0.5803,0.6238,0.6706,0.8116,0.6312,0.6578,0.822,0.8562,0.9198,0.6096,0.5735,0.6184,0.6453,0.7578,0.5989,0.7831,0.7806,0.798,0.7819,0.5663,0.5489,0.5896,0.6332,0.7633
0.0917,0.0915,0.0916,0.0934,0.0925,0.0939,0.0926,0.0926,0.0927,0.0926,0.5844,0.5168,0.6546,0.6189,0.696,0.768,0.7986,0.8168,0.9221,0.9293,0.6708,0.4932,0.5835,0.5986,0.6713,0.7503,0.8388,0.9317,0.9449,0.9187,0.5162,0.522,0.6068,0.6338,0.7463,0.7296,0.858,0.942,0.9415,0.9714,0.6415,0.71,0.8894,0.9054,0.7837,0.6061,0.5897,0.6322,0.6836,0.8231,0.6324,0.6609,0.8284,0.8672,0.9291,0.6082,0.5762,0.6247,0.6619,0.7701,0.603,0.787,0.7888,0.8069,0.7926,0.5665,0.5457,0.588,0.6306,0.7736
0.0921,0.0913,0.0913,0.0934,0.0926,0.0941,0.0928,0.093,0.0935,0.093,0.5764,0.5243,0.6649,0.6209,0.697,0.7684,0.8011,0.8166,0.927,0.9356,0.6744,0.499,0.5902,0.6026,0.6713,0.7494,0.8411,0.9381,0.9535,0.9242,0.5103,0.5296,0.6128,0.6363,0.7442,0.7326,0.858,0.9427,0.9506,0.9766,0.6445,0.7112,0.8943,0.9132,0.7904,0.6082,0.5965,0.641,0.6909,0.8284,0.6377,0.6619,0.8303,0.8795,0.9377,0.6114,0.573,0.6306,0.6738,0.7753,0.6098,0.7879,0.794,0.8142,0.7979,0.5653,0.543,0.5846,0.6234,0.777
0.0919,0.0918,0.0919,0.0936,0.0928,0.0938,0.0932,0.093,0.0931,0.0928,0.5692,0.5329,0.6736,0.6234,0.6957,0.7696,0.8025,0.8153,0.9311,0.9417,0.6808,0.503,0.5966,0.6055,0.6712,0.759,0.8442,0.9434,0.9603,0.93,0.5065,0.5368,0.6181,0.6383,0.743,0.7399,0.8562,0.9437,0.9569,0.9823,0.6504,0.7152,0.8986,0.921,0.7956,0.6081,0.5997,0.6508,0.6897,0.8324,0.6439,0.6668,0.8332,0.8918,0.9458,0.6121,0.5691,0.6312,0.6811,0.7746,0.6158,0.801,0.8046,0.8267,0.8107,0.5661,0.541,0.5825,0.6181,0.7839
0.0914,0.0919,0.0918,0.0936,0.0927,0.0939,0.0931,0.0929,0.093,0.0927,0.5605,0.5375,0.6832,0.6255,0.6957,0.7726,0.8035,0.8161,0.9355,0.9462,0.6852,0.5058,0.6054,0.6091,0.6736,0.7711,0.8477,0.9484,0.9671,0.9349,0.505,0.5428,0.6259,0.6428,0.7406,0.7505,0.8577,0.9437,0.9643,0.9884,0.6515,0.7218,0.9018,0.931,0.803,0.6107,0.5998,0.6544,0.6898,0.8303,0.645,0.6751,0.8352,0.9062,0.9544,0.6102,0.5644,0.6268,0.6808,0.7754,0.6168,0.8108,0.8114,0.8341,0.818,0.5605,0.5378,0.5759,0.6118,0.7874
0.0919,0.0919,0.0916,0.0935,0.0926,0.0939,0.0927,0.0928,0.093,0.0927,0.5534,0.5424,0.6913,0.6266,0.6985,0.777,0.8077,0.8191,0.9427,0.9519,0.6901,0.5092,0.6174,0.6109,0.6765,0.7762,0.8703,0.9528,0.975,0.942,0.5032,0.5495,0.6279,0.6451,0.75,0.7596,0.8826,0.9455,0.9714,0.9954,0.6485,0.7281,0.9047,0.9395,0.8091,0.6115,0.5965,0.6529,0.6905,0.8281,0.6429,0.6747,0.8393,0.9203,0.9602,0.6095,0.5594,0.6213,0.6783,0.7687,0.6179,0.8216,0.8243,0.8471,0.8267,0.5545,0.5345,0.5722,0.6035,0.787
0.0921,0.0918,0.0917,0.0935,0.0928,0.0939,0.093,0.0929,0.0931,0.0927,0.5469,0.5456,0.6985,0.6292,0.6985,0.782,0.807,0.8191,0.9468,0.9581,0.6925,0.5131,0.6102,0.6139,0.6844,0.7757,0.8897,0.9551,0.9825,0.946,0.5015,0.5553,0.6243,0.6494,0.7539,0.7642,0.8949,0.945,0.9784,1.0007,0.6415,0.7301,0.9204,0.9466,0.8169,0.6154,0.5946,0.6501,0.6801,0.8266,0.6372,0.6702,0.8501,0.9302,0.9667,0.6116,0.5555,0.6171,0.6763,0.7657,0.6144,0.82,0.846,0.856,0.8338,0.5479,0.5321,0.5683,0.597,0.7885
0.0917,0.0916,0.0917,0.0932,0.0927,0.0937,0.0927,0.0926,0.093,0.0927,0.5413,0.5506,0.7109,0.6327,0.7015,0.7995,0.8196,0.8186,0.9508,0.9626,0.6926,0.517,0.6056,0.6176,0.6926,0.7753,0.8959,0.9615,0.9896,0.9503,0.4986,0.56,0.6263,0.6567,0.7551,0.7634,0.8966,0.9456,0.9832,1.0064,0.633,0.7266,0.9385,0.9542,0.8224,0.6156,0.5938,0.6468,0.6799,0.8232,0.6286,0.6658,0.8681,0.94,0.9728,0.612,0.5527,0.6133,0.6733,0.7626,0.6104,0.8155,0.866,0.8655,0.8423,0.5415,0.5304,0.5648,0.5918,0.7847
0.0919,0.0917,0.0917,0.0935,0.0928,0.0939,0.0931,0.0928,0.0931,0.0928,0.535,0.5563,0.7176,0.6364,0.7056,0.8136,0.8405,0.8214,0.9569,0.9693,0.6908,0.5189,0.601,0.6278,0.6948,0.7704,0.8992,0.9886,0.9967,0.9559,0.4968,0.5608,0.6121,0.6659,0.7513,0.7633,0.895,0.9553,0.9906,1.0123,0.624,0.7188,0.9485,0.9615,0.8306,0.6187,0.5919,0.6476,0.6775,0.8188,0.6204,0.6564,0.8735,0.9474,0.9795,0.6085,0.5489,0.6073,0.6682,0.7565,0.6049,0.807,0.8767,0.8816,0.8434,0.5344,0.5271,0.5593,0.5859,0.7817
0.0919,0.0914,0.0915,0.0934,0.0926,0.0939,0.0929,0.0927,0.0928,0.0926,0.5301,0.5631,0.7224,0.6405,0.718,0.821,0.8534,0.8234,0.9626,0.9745,0.6906,0.5176,0.5949,0.6371,0.6942,0.7642,0.8992,1.0204,1.0037,0.9617,0.4956,0.5591,0.6075,0.6656,0.7445,0.7569,0.8934,0.9841,0.9949,1.0168,0.6151,0.7087,0.9564,0.9685,0.8363,0.6176,0.5903,0.644,0.6707,0.8173,0.6123,0.6467,0.8752,0.9562,0.985,0.6012,0.5451,0.6032,0.6645,0.7522,0.6006,0.7979,0.8867,0.9003,0.8481,0.5303,0.5258,0.5547,0.5814,0.7786
0.0916,0.0916,0.0917,0.0934,0.0927,0.0939,0.093,0.093,0.0931,0.0928,0.5265,0.568,0.7235,0.6461,0.7294,0.8223,0.856,0.8356,0.9667,0.9782,0.6897,0.5141,0.5893,0.6374,0.689,0.7572,0.8914,1.0316,1.0104,0.9656,0.4939,0.5566,0.6044,0.6604,0.7362,0.7483,0.8819,0.9934,0.9976,1.0212,0.6067,0.6983,0.9606,0.9772,0.842,0.6247,0.5901,0.6414,0.6668,0.8129,0.6049,0.6367,0.873,0.9815,0.9901,0.5955,0.5422,0.5987,0.658,0.7466,0.595,0.7887,0.8933,0.9203,0.8574,0.5291,0.5242,0.5511,0.5797,0.776
0.092,0.0916,0.0916,0.0935,0.0928,0.0938,0.0929,0.0929,0.0931,0.0927,0.5224,0.5712,0.7216,0.6561,0.7373,0.8201,0.854,0.8541,0.9724,0.9818,0.6894,0.5105,0.5853,0.6318,0.6825,0.7496,0.8869,1.0359,1.0303,0.9742,0.4931,0.5536,0.6067,0.6537,0.7286,0.7431,0.8781,0.9969,1.0047,1.0265,0.5985,0.6874,0.9633,0.9999,0.848,0.622,0.5871,0.6381,0.6644,0.8115,0.5971,0.6271,0.8689,1.0089,0.996,0.5903,0.539,0.5943,0.6546,0.7417,0.5895,0.7775,0.8935,0.9321,0.8715,0.5252,0.5226,0.5454,0.5754,0.7683
0.092,0.0919,0.0918,0.0937,0.0928,0.0939,0.0932,0.0929,0.0931,0.0929,0.5192,0.571,0.7229,0.6587,0.7454,0.818,0.8537,0.8655,0.9806,0.986,0.6897,0.5064,0.5818,0.6259,0.6755,0.7443,0.8838,1.0384,1.0661,0.9864,0.4917,0.5523,0.5945,0.6471,0.7194,0.7376,0.8703,0.9985,1.0194,1.032,0.5887,0.6778,0.963,1.037,0.8551,0.6195,0.5863,0.637,0.6637,0.8104,0.5887,0.6177,0.864,1.0196,1.0005,0.5854,0.5368,0.5912,0.65,0.7375,0.584,0.7698,0.8978,0.9438,0.8857,0.5226,0.521,0.5436,0.5768,0.7656
0.0912,0.0918,0.0917,0.0935,0.0926,0.0937,0.0928,0.0929,0.093,0.0927,0.5177,0.5711,0.7254,0.6552,0.747,0.8101,0.8472,0.8658,1.0035,0.9903,0.6876,0.5051,0.5818,0.6209,0.6698,0.7391,0.8784,1.0383,1.0896,1.0115,0.4907,0.5534,0.593,0.6412,0.7116,0.7296,0.8607,0.9911,1.0477,1.0366,0.5807,0.6684,0.9602,1.0511,0.8608,0.618,0.5864,0.6331,0.661,0.8086,0.5818,0.6091,0.8585,1.0268,1.0115,0.5797,0.534,0.5882,0.6467,0.7371,0.5795,0.7612,0.9001,0.9511,0.8926,0.5201,0.5199,0.5423,0.5845,0.7635
0.0918,0.0919,0.0918,0.0935,0.0927,0.0939,0.0929,0.0929,0.093,0.0927,0.5134,0.5723,0.7287,0.651,0.7472,0.8097,0.8461,0.8674,1.034,0.9935,0.6811,0.5041,0.5781,0.6146,0.6634,0.7328,0.8743,1.0336,1.0955,1.0325,0.4857,0.552,0.5876,0.6346,0.7041,0.7241,0.8557,0.9878,1.0726,1.0397,0.5736,0.6612,0.9607,1.056,0.8665,0.6126,0.5827,0.6296,0.6563,0.8091,0.5744,0.6003,0.853,1.0324,1.0367,0.579,0.5324,0.5843,0.643,0.7342,0.575,0.7513,0.8989,0.9553,0.8915,0.5179,0.5169,0.5393,0.5858,0.7613
0.0922,0.0918,0.0916,0.0935,0.0928,0.0941,0.093,0.093,0.0931,0.0929,0.5052,0.5711,0.7312,0.6452,0.7435,0.8051,0.8396,0.8648,1.0504,0.9956,0.6743,0.5034,0.5758,0.6087,0.6572,0.7275,0.8715,1.0318,1.1015,1.0459,0.4784,0.5527,0.5925,0.6294,0.6966,0.7179,0.8485,0.9848,1.0806,1.0441,0.5686,0.6524,0.9592,1.0618,0.8744,0.6076,0.5794,0.6286,0.6547,0.8112,0.5679,0.5937,0.8496,1.0407,1.0578,0.5743,0.5298,0.5811,0.6408,0.7323,0.5718,0.7448,0.9015,0.9606,0.8906,0.5164,0.5158,0.5373,0.5916,0.7607
0.0924,0.0916,0.0916,0.0934,0.0926,0.0939,0.0926,0.0927,0.0928,0.0928,0.497,0.5736,0.7358,0.6409,0.7411,0.8001,0.8356,0.8611,1.0561,1.0004,0.6668,0.504,0.576,0.6039,0.6521,0.7209,0.8671,1.0268,1.103,1.0462,0.4716,0.5553,0.5857,0.6239,0.6904,0.7134,0.8438,0.981,1.0845,1.0515,0.5647,0.6438,0.9584,1.0684,0.8969,0.6027,0.577,0.6261,0.6532,0.8152,0.5618,0.5869,0.8456,1.0455,1.0677,0.5713,0.5274,0.5799,0.6373,0.7334,0.5684,0.737,0.9017,0.9655,0.8861,0.5137,0.514,0.5362,0.5922,0.7602
0.0919,0.0919,0.0917,0.0935,0.0928,0.094,0.0929,0.0929,0.093,0.0928,0.4886,0.5779,0.7402,0.636,0.7415,0.8006,0.8344,0.8584,1.0602,1.0128,0.66,0.5059,0.5767,0.5993,0.645,0.7179,0.8635,1.0243,1.106,1.0506,0.4645,0.5572,0.5826,0.6182,0.683,0.7074,0.8364,0.9717,1.0856,1.0741,0.5578,0.637,0.957,1.0726,0.9146,0.602,0.5753,0.6259,0.6494,0.8179,0.5558,0.5806,0.842,1.0487,1.0739,0.5682,0.5263,0.579,0.6331,0.7343,0.5648,0.7301,0.9022,0.9703,0.8843,0.512,0.5124,0.5355,0.5918,0.7547
0.092,0.0916,0.0915,0.0934,0.0925,0.0938,0.0925,0.0928,0.0929,0.0927,0.4817,0.5794,0.7464,0.6298,0.739,0.7959,0.8297,0.8535,1.0608,1.0373,0.6554,0.5075,0.5746,0.5939,0.6394,0.7148,0.8589,1.0202,1.1088,1.0557,0.4569,0.5576,0.5785,0.6127,0.6753,0.7022,0.8323,0.9647,1.0898,1.0984,0.5527,0.6284,0.9542,1.0778,0.9225,0.5972,0.575,0.6219,0.6455,0.8204,0.5502,0.5723,0.8381,1.0543,1.0783,0.5667,0.5242,0.5767,0.6293,0.7312,0.5629,0.7234,0.9019,0.9732,0.8806,0.5099,0.5102,0.5335,0.5885,0.7475
0.0917,0.0917,0.0919,0.0934,0.0928,0.0939,0.0929,0.0929,0.0931,0.0928,0.4753,0.584,0.751,0.6259,0.7366,0.7963,0.8276,0.8518,1.0625,1.0561,0.649,0.509,0.5754,0.5905,0.6341,0.7102,0.8567,1.0173,1.1095,1.0604,0.4512,0.5604,0.5789,0.6083,0.6694,0.6975,0.8263,0.9607,1.0898,1.1072,0.5474,0.622,0.9505,1.0815,0.9293,0.598,0.5746,0.6228,0.6431,0.8252,0.5443,0.5653,0.835,1.0598,1.0822,0.5642,0.5205,0.5757,0.6258,0.7339,0.5601,0.7162,0.8991,0.9728,0.8731,0.5072,0.5098,0.5335,0.5863,0.7385
0.0918,0.092,0.0917,0.0934,0.0927,0.094,0.093,0.0928,0.0931,0.0927,0.4685,0.5884,0.754,0.6218,0.7379,0.7932,0.8234,0.8483,1.063,1.0617,0.6411,0.5112,0.5755,0.586,0.6304,0.7094,0.8563,1.0163,1.1107,1.0634,0.445,0.562,0.5763,0.6037,0.6651,0.6941,0.8218,0.9577,1.0916,1.1118,0.543,0.6151,0.9478,1.0835,0.9324,0.5935,0.5734,0.6226,0.6423,0.8291,0.5405,0.5589,0.8312,1.0649,1.0854,0.5618,0.5186,0.5741,0.6225,0.7367,0.5579,0.7099,0.8978,0.9721,0.8651,0.5046,0.5094,0.5312,0.5823,0.7285
0.0922,0.0917,0.0919,0.0936,0.093,0.0941,0.0932,0.093,0.0933,0.093,0.4619,0.5911,0.7529,0.6182,0.7379,0.7918,0.8214,0.8454,1.0663,1.0666,0.6362,0.5134,0.576,0.5818,0.6258,0.7047,0.8533,1.0131,1.1121,1.0654,0.4391,0.5632,0.5736,0.6002,0.6601,0.6921,0.8171,0.9537,1.0941,1.1148,0.539,0.6088,0.9453,1.0867,0.9355,0.5912,0.5734,0.622,0.6404,0.8325,0.5339,0.552,0.8262,1.071,1.0866,0.5616,0.5181,0.5714,0.619,0.7338,0.5561,0.7061,0.8989,0.9777,0.8569,0.5032,0.5099,0.53,0.5816,0.7174
0.0918,0.0921,0.0921,0.0937,0.093,0.0941,0.0932,0.093,0.0932,0.0929,0.4559,0.5953,0.754,0.6142,0.7365,0.7898,0.818,0.8415,1.0674,1.0677,0.631,0.5158,0.5734,0.5773,0.6216,0.7011,0.8472,1.0092,1.112,1.0677,0.4336,0.5634,0.5697,0.5962,0.6538,0.6871,0.8102,0.9444,1.0945,1.1177,0.5329,0.6006,0.9402,1.0891,0.9379,0.5902,0.5753,0.6201,0.6401,0.8347,0.5286,0.5467,0.8211,1.0776,1.0885,0.561,0.518,0.5689,0.6162,0.7334,0.5535,0.699,0.8963,0.9852,0.8496,0.5014,0.509,0.5264,0.5756,0.7061
0.0917,0.0917,0.092,0.0935,0.0929,0.0941,0.0932,0.0931,0.0933,0.0928,0.4509,0.5967,0.7542,0.6121,0.7355,0.789,0.8173,0.8397,1.0687,1.0684,0.6239,0.5176,0.5733,0.5731,0.6172,0.6986,0.8483,1.0043,1.1139,1.07,0.4296,0.5658,0.5676,0.5929,0.6485,0.6845,0.8095,0.9427,1.0958,1.121,0.5236,0.5949,0.9405,1.0889,0.9386,0.5882,0.5776,0.6207,0.6386,0.8397,0.5247,0.5405,0.8139,1.083,1.0896,0.5591,0.5177,0.5682,0.6127,0.7353,0.5522,0.6937,0.8949,0.9909,0.8441,0.5006,0.5088,0.5281,0.5736,0.6947
0.0919,0.0916,0.0915,0.0934,0.093,0.094,0.093,0.0929,0.0931,0.0928,0.4462,0.6003,0.7566,0.6094,0.7387,0.789,0.8153,0.8378,1.071,1.0688,0.6187,0.5182,0.5721,0.5692,0.615,0.6962,0.8473,1.0021,1.1137,1.0692,0.425,0.5646,0.5734,0.5903,0.6445,0.6831,0.8071,0.94,1.0971,1.1208,0.5188,0.5848,0.9324,1.0902,0.9422,0.5854,0.5797,0.6218,0.636,0.8419,0.5207,0.5367,0.807,1.0892,1.0918,0.5563,0.5167,0.5674,0.6086,0.7373,0.5496,0.6886,0.8903,0.995,0.8355,0.4981,0.5066,0.5255,0.5735,0.6844
0.0924,0.092,0.0916,0.0934,0.0928,0.0939,0.0929,0.0928,0.0931,0.0927,0.4422,0.6016,0.7549,0.6051,0.7394,0.7874,0.8136,0.8348,1.0736,1.0693,0.6138,0.5186,0.5688,0.5655,0.6127,0.6924,0.8422,0.9977,1.1145,1.074,0.4197,0.5645,0.5649,0.5867,0.6396,0.6798,0.8033,0.9348,1.098,1.1211,0.5135,0.5772,0.9276,1.0913,0.9462,0.5839,0.5794,0.6204,0.6363,0.8456,0.5171,0.5328,0.801,1.0957,1.0937,0.5552,0.5143,0.5657,0.6059,0.7362,0.5488,0.6821,0.8862,0.9987,0.8239,0.4956,0.5033,0.5231,0.5675,0.6728
0.0919,0.0918,0.0919,0.0935,0.0929,0.0941,0.0932,0.093,0.0933,0.0929,0.4377,0.601,0.7555,0.6023,0.7439,0.7887,0.8133,0.8354,1.0777,1.0714,0.6075,0.518,0.5654,0.5614,0.6083,0.6899,0.8406,0.9968,1.1165,1.0769,0.4145,0.5625,0.5663,0.5841,0.634,0.6782,0.7998,0.9316,1.0991,1.1211,0.5084,0.57,0.9162,1.0917,0.9498,0.5807,0.5793,0.618,0.6353,0.8484,0.5132,0.5266,0.7904,1.1001,1.0947,0.553,0.5118,0.5629,0.6023,0.7343,0.547,0.6764,0.8771,1.0044,0.8158,0.4935,0.4999,0.52,0.564,0.666
0.0917,0.0918,0.0918,0.0934,0.0928,0.094,0.0929,0.0929,0.0932,0.0928,0.4327,0.6017,0.7547,0.5974,0.7458,0.7897,0.8118,0.8327,1.078,1.0735,0.5999,0.518,0.5627,0.5579,0.6025,0.6897,0.8411,0.9944,1.1167,1.0766,0.4096,0.5612,0.5634,0.5822,0.6305,0.6748,0.7966,0.9272,1.0994,1.1208,0.5046,0.5624,0.9054,1.0945,0.9552,0.58,0.581,0.6196,0.6337,0.8486,0.5095,0.5218,0.7822,1.1047,1.0963,0.5523,0.51,0.5606,0.5984,0.7328,0.5473,0.671,0.8706,1.0087,0.8099,0.4901,0.4971,0.5173,0.5603,0.6595
0.092,0.0919,0.0919,0.0934,0.0929,0.0939,0.0931,0.0929,0.0932,0.0928,0.4223,0.6049,0.7547,0.5957,0.7468,0.7915,0.8111,0.8313,1.0802,1.0767,0.5964,0.5185,0.5594,0.5545,0.5986,0.6868,0.8401,0.9905,1.1194,1.0793,0.405,0.5606,0.5574,0.5794,0.626,0.6741,0.7945,0.9238,1.1003,1.1207,0.4997,0.5554,0.8918,1.0949,0.9594,0.5797,0.5821,0.6193,0.6348,0.8517,0.5045,0.5129,0.7726,1.1047,1.0958,0.5509,0.5079,0.5594,0.5956,0.732,0.546,0.6633,0.8598,1.0105,0.8002,0.4879,0.4946,0.5155,0.5564,0.6541
0.0922,0.0921,0.092,0.0936,0.0931,0.0941,0.0933,0.093,0.0932,0.0929,0.4174,0.6084,0.7577,0.5951,0.7489,0.7917,0.8095,0.8278,1.0788,1.0792,0.5917,0.5206,0.5608,0.5516,0.5959,0.6859,0.8392,0.9872,1.1224,1.0781,0.4013,0.5616,0.5584,0.5771,0.6229,0.6709,0.7904,0.9189,1.0997,1.1226,0.4965,0.5508,0.879,1.0949,0.9638,0.5779,0.5843,0.6206,0.6343,0.8553,0.5017,0.5084,0.7664,1.1058,1.0971,0.5494,0.5065,0.5581,0.5933,0.7344,0.5452,0.6593,0.8538,1.0203,0.7969,0.487,0.4929,0.5152,0.5555,0.6505
0.092,0.092,0.092,0.0936,0.093,0.0942,0.0933,0.093,0.0931,0.0928,0.4135,0.6112,0.7565,0.5952,0.7522,0.7932,0.8099,0.8293,1.0812,1.0851,0.5871,0.5207,0.5561,0.5485,0.593,0.6819,0.8359,0.9852,1.1276,1.0859,0.3963,0.559,0.5531,0.5751,0.619,0.6699,0.7899,0.9172,1.1007,1.1218,0.4942,0.5455,0.8666,1.0929,0.9652,0.5744,0.5855,0.6173,0.6334,0.8582,0.4981,0.5034,0.7589,1.1081,1.1,0.5481,0.5048,0.5571,0.5913,0.736,0.5447,0.6541,0.8497,1.0296,0.7954,0.4862,0.4913,0.5143,0.5536,0.6471
0.092,0.0919,0.092,0.0935,0.093,0.094,0.0931,0.093,0.0932,0.0929,0.4089,0.6134,0.7581,0.5938,0.7558,0.7929,0.8058,0.8243,1.0808,1.0882,0.583,0.5219,0.5553,0.5454,0.5916,0.6816,0.8364,0.9832,1.1305,1.0879,0.3926,0.5585,0.5499,0.5725,0.6153,0.6658,0.784,0.9086,1.0986,1.1237,0.4909,0.5383,0.8502,1.0907,0.9681,0.5738,0.5882,0.6183,0.6353,0.861,0.4948,0.4995,0.7533,1.107,1.1033,0.5469,0.5022,0.5543,0.5879,0.733,0.5449,0.6481,0.84,1.0347,0.7881,0.4846,0.49,0.5123,0.5515,0.6438
0.092,0.0921,0.0919,0.0935,0.093,0.094,0.0932,0.0929,0.0931,0.0929,0.4049,0.6185,0.7585,0.5927,0.7599,0.7942,0.8057,0.8239,1.0819,1.0924,0.5792,0.5255,0.5543,0.5418,0.5885,0.6799,0.8339,0.9802,1.1306,1.0897,0.3885,0.5595,0.5466,0.5696,0.6124,0.6633,0.7807,0.9031,1.0982,1.1257,0.4883,0.5332,0.8346,1.0887,0.9717,0.5739,0.5896,0.6151,0.6334,0.8646,0.4916,0.4953,0.7464,1.1013,1.1055,0.546,0.5,0.5529,0.586,0.7366,0.5442,0.642,0.8338,1.0414,0.7868,0.4834,0.4884,0.5121,0.55,0.6409
0.091,0.0919,0.092,0.0935,0.0929,0.0941,0.0933,0.0929,0.0932,0.0928,0.3989,0.621,0.7591,0.5911,0.7644,0.7984,0.808,0.8255,1.0831,1.0955,0.5736,0.5251,0.5509,0.5392,0.5859,0.6776,0.8344,0.9786,1.1328,1.0921,0.3851,0.5599,0.5445,0.5681,0.6087,0.6649,0.7801,0.9037,1.0977,1.1279,0.4864,0.5276,0.8209,1.0872,0.9748,0.5733,0.5924,0.6157,0.6331,0.8661,0.4892,0.4927,0.7394,1.0977,1.1074,0.5459,0.4978,0.5516,0.5838,0.7378,0.5449,0.6366,0.8253,1.0455,0.7868,0.4826,0.4867,0.5111,0.5473,0.6379
0.0921,0.092,0.092,0.0935,0.0929,0.0939,0.0931,0.0929,0.0932,0.0929,0.3956,0.6241,0.7591,0.5918,0.7645,0.7979,0.8043,0.821,1.0805,1.0996,0.5721,0.5279,0.5499,0.5353,0.5838,0.6759,0.8324,0.9758,1.1321,1.0921,0.3822,0.5605,0.5415,0.5659,0.607,0.6622,0.7766,0.8987,1.0971,1.129,0.4826,0.5231,0.8033,1.0866,0.9817,0.5739,0.5933,0.6164,0.6343,0.87,0.4877,0.4902,0.7338,1.0947,1.1105,0.5449,0.4964,0.5513,0.5839,0.7408,0.5456,0.631,0.8129,1.0432,0.7826,0.4805,0.4852,0.5096,0.5469,0.634
0.0921,0.0921,0.092,0.0937,0.093,0.0941,0.0933,0.0931,0.0933,0.0931,0.3904,0.6256,0.76,0.5901,0.7694,0.7992,0.8031,0.8199,1.0811,1.1018,0.5689,0.529,0.549,0.5324,0.5825,0.6745,0.828,0.9702,1.1331,1.093,0.377,0.5603,0.5402,0.5636,0.6027,0.6604,0.7737,0.8979,1.0972,1.1289,0.48,0.5185,0.7906,1.0828,0.9851,0.5711,0.5944,0.6164,0.6361,0.8746,0.484,0.4865,0.7279,1.0903,1.1118,0.5443,0.4947,0.5506,0.5814,0.739,0.5449,0.6271,0.806,1.0385,0.7989,0.4801,0.4842,0.5086,0.5462,0.6321
0.0921,0.0918,0.0918,0.0935,0.093,0.0941,0.093,0.0931,0.0932,0.093,0.3843,0.6278,0.7591,0.59,0.7741,0.8037,0.8019,0.8192,1.0814,1.105,0.5656,0.5296,0.5451,0.5282,0.579,0.6741,0.8267,0.9688,1.1308,1.0954,0.3731,0.5591,0.537,0.5614,0.6005,0.6594,0.7715,0.8906,1.0958,1.13,0.4771,0.5154,0.7745,1.0797,0.9872,0.5705,0.5935,0.6179,0.6346,0.8776,0.4815,0.4832,0.7199,1.0873,1.1172,0.5429,0.4927,0.5491,0.5788,0.7403,0.5449,0.6219,0.7976,1.0366,0.8152,0.4787,0.4818,0.5074,0.5429,0.6294
0.0918,0.0918,0.092,0.0936,0.093,0.0942,0.0931,0.0931,0.0933,0.0929,0.3781,0.6311,0.7596,0.5885,0.7775,0.8054,0.8035,0.8184,1.0808,1.1065,0.5614,0.5312,0.5436,0.5255,0.5738,0.6718,0.828,0.965,1.1303,1.1008,0.3694,0.5592,0.5347,0.5593,0.5984,0.657,0.7735,0.8898,1.0959,1.1301,0.4747,0.5104,0.7591,1.0749,0.9885,0.5699,0.594,0.6174,0.6341,0.8801,0.4795,0.4802,0.7152,1.0876,1.1172,0.542,0.4918,0.5475,0.5772,0.7398,0.5455,0.618,0.7876,1.0372,0.8265,0.4779,0.481,0.5075,0.5421,0.6274
0.0922,0.092,0.0918,0.0935,0.0928,0.0939,0.0928,0.0928,0.0931,0.0928,0.3737,0.6369,0.7601,0.5898,0.7802,0.8075,0.8021,0.8177,1.0803,1.1069,0.5581,0.5351,0.5441,0.5223,0.5715,0.6714,0.8299,0.968,1.1303,1.1032,0.3674,0.5597,0.535,0.5571,0.5954,0.6541,0.7672,0.8851,1.094,1.1313,0.4725,0.506,0.738,1.0707,0.9913,0.5694,0.5952,0.6204,0.6378,0.8823,0.4771,0.4781,0.7075,1.0842,1.1165,0.5399,0.4903,0.5496,0.5764,0.7434,0.5472,0.6135,0.7776,1.0356,0.8271,0.4765,0.4793,0.5081,0.5424,0.6251
0.0916,0.0915,0.0919,0.0935,0.0931,0.0942,0.0934,0.0935,0.0936,0.0933,0.3672,0.6383,0.7604,0.5912,0.7813,0.8079,0.7998,0.8154,1.0773,1.1089,0.5556,0.5362,0.5399,0.5193,0.5692,0.6685,0.8285,0.9649,1.1283,1.1064,0.3634,0.5599,0.5306,0.5549,0.5919,0.6548,0.7661,0.8827,1.0943,1.1312,0.4706,0.503,0.7223,1.0654,0.9926,0.5672,0.5962,0.6175,0.636,0.8848,0.4742,0.4767,0.7007,1.0785,1.1159,0.5396,0.4889,0.5472,0.5754,0.7451,0.548,0.6088,0.772,1.032,0.8303,0.4749,0.4777,0.5079,0.5415,0.6235
0.092,0.0918,0.092,0.0936,0.0931,0.0942,0.0932,0.0932,0.0933,0.093,0.3623,0.6405,0.7592,0.589,0.7852,0.8119,0.7995,0.815,1.0785,1.1116,0.5508,0.5388,0.5374,0.5156,0.5664,0.6692,0.8268,0.965,1.129,1.1077,0.3594,0.5586,0.5284,0.5521,0.589,0.6521,0.7622,0.8794,1.0936,1.1322,0.4676,0.5001,0.7021,1.0605,0.9935,0.5676,0.5948,0.6208,0.6389,0.8897,0.4727,0.4751,0.6944,1.0742,1.1159,0.5391,0.4864,0.5464,0.5733,0.7447,0.5501,0.6053,0.7653,1.0324,0.8327,0.4731,0.4758,0.5067,0.5405,0.6207
0.0918,0.0919,0.0921,0.0934,0.0928,0.0939,0.0928,0.0929,0.0931,0.0929,0.3577,0.6432,0.7584,0.5893,0.7881,0.8149,0.7976,0.8144,1.0777,1.1126,0.5439,0.5399,0.537,0.5128,0.5648,0.6692,0.8271,0.9639,1.126,1.1097,0.3558,0.5584,0.5255,0.5504,0.5868,0.6502,0.7605,0.8754,1.0921,1.1319,0.465,0.4978,0.6856,1.0529,0.9925,0.5681,0.5946,0.6221,0.6414,0.89,0.4699,0.4737,0.6887,1.0687,1.1185,0.5379,0.4848,0.5473,0.5725,0.7449,0.5514,0.6002,0.7578,1.0301,0.8359,0.4708,0.4738,0.5042,0.539,0.6176
0.0919,0.0921,0.092,0.0937,0.093,0.0941,0.093,0.093,0.0932,0.0929,0.3541,0.6427,0.7589,0.5877,0.7901,0.8174,0.7989,0.8119,1.0748,1.1117,0.5394,0.5399,0.5334,0.5094,0.5613,0.6665,0.8264,0.9613,1.1245,1.1148,0.3526,0.5577,0.5234,0.5476,0.5844,0.6491,0.7604,0.8726,1.0915,1.1311,0.4626,0.4938,0.6715,1.0482,0.9938,0.5689,0.5994,0.6248,0.642,0.8928,0.4676,0.4717,0.683,1.061,1.1207,0.538,0.4844,0.5462,0.5707,0.7473,0.5528,0.5967,0.7512,1.0292,0.8401,0.4697,0.4719,0.5043,0.5374,0.616
0.0918,0.0921,0.0922,0.0936,0.093,0.094,0.093,0.0931,0.0932,0.093,0.3487,0.6459,0.7554,0.5876,0.791,0.8193,0.7963,0.8109,1.0742,1.1138,0.5347,0.5421,0.5296,0.5061,0.5591,0.6652,0.8254,0.9601,1.1236,1.1166,0.3493,0.5565,0.5218,0.5462,0.5831,0.6504,0.7618,0.8737,1.0934,1.1315,0.4603,0.4921,0.6593,1.0426,0.9963,0.568,0.6002,0.6263,0.6439,0.8927,0.4647,0.4695,0.6769,1.0531,1.1226,0.5383,0.4822,0.5453,0.5698,0.7456,0.5531,0.5917,0.743,1.0292,0.8502,0.4684,0.4723,0.5033,0.5361,0.6141
0.0922,0.0919,0.092,0.0938,0.0931,0.0942,0.093,0.0932,0.0933,0.0931,0.3454,0.6468,0.7562,0.5884,0.7946,0.8186,0.7929,0.8102,1.0716,1.1155,0.5311,0.5447,0.5278,0.5034,0.5567,0.6632,0.8244,0.959,1.1229,1.1193,0.3466,0.5561,0.5196,0.544,0.5807,0.6481,0.757,0.8705,1.0917,1.1304,0.4577,0.4881,0.6469,1.0392,0.9997,0.5671,0.5996,0.6279,0.6461,0.8975,0.4618,0.4676,0.672,1.0447,1.1243,0.537,0.4807,0.5466,0.5691,0.7471,0.5535,0.5875,0.7315,1.022,0.8583,0.4661,0.4714,0.5022,0.535,0.6108
0.0921,0.0917,0.0919,0.0935,0.0929,0.0941,0.0928,0.0931,0.0932,0.0929,0.3426,0.6505,0.7558,0.5883,0.7982,0.8207,0.7954,0.8125,1.0723,1.1157,0.528,0.5464,0.5256,0.5016,0.5555,0.6619,0.8236,0.9589,1.1222,1.1201,0.3442,0.5565,0.517,0.5432,0.5787,0.6478,0.7558,0.8689,1.0926,1.1298,0.4556,0.485,0.6341,1.0346,1.0035,0.5689,0.6041,0.6302,0.6484,0.8945,0.4599,0.4665,0.6668,1.0365,1.1254,0.5377,0.4796,0.5455,0.5681,0.7443,0.5543,0.5837,0.7271,1.0212,0.8712,0.4653,0.4719,0.5013,0.5346,0.6099
0.0921,0.0921,0.0921,0.0936,0.093,0.0941,0.0928,0.0931,0.0935,0.0931,0.3385,0.6512,0.7551,0.5873,0.7975,0.8253,0.7911,0.8092,1.0695,1.117,0.5179,0.5496,0.5244,0.5,0.5539,0.6659,0.8325,0.9664,1.1218,1.1185,0.3412,0.5561,0.5138,0.5413,0.5758,0.6489,0.7536,0.8642,1.0905,1.1309,0.4537,0.4831,0.627,1.0299,1.0038,0.5673,0.6066,0.6275,0.6468,0.8963,0.4571,0.4649,0.6613,1.0278,1.1247,0.5364,0.4783,0.5465,0.5662,0.7459,0.5544,0.5757,0.7212,1.0159,0.8813,0.4632,0.4714,0.4997,0.5341,0.6075
0.0919,0.092,0.0922,0.0937,0.0931,0.0943,0.093,0.0932,0.0932,0.0929,0.3358,0.6535,0.7548,0.5879,0.8021,0.8292,0.7927,0.8084,1.0681,1.1194,0.5136,0.5491,0.5209,0.4971,0.5511,0.6625,0.827,0.9593,1.1183,1.1225,0.3393,0.5553,0.5121,0.539,0.5723,0.6477,0.7532,0.8618,1.0899,1.1305,0.452,0.4801,0.6157,1.0236,1.0019,0.5666,0.6079,0.6315,0.6461,0.8975,0.4555,0.4636,0.6562,1.0191,1.1235,0.5363,0.4775,0.5458,0.5645,0.7454,0.5551,0.5728,0.7169,1.0122,0.8923,0.4625,0.4701,0.4994,0.534,0.6058
0.0922,0.0919,0.092,0.0936,0.0931,0.0941,0.0929,0.0931,0.0932,0.093,0.3321,0.6511,0.7499,0.5824,0.8021,0.8305,0.79,0.8093,1.0669,1.1207,0.5026,0.5471,0.5147,0.4939,0.5476,0.66,0.8287,0.9635,1.1164,1.1243,0.3346,0.5505,0.5095,0.5368,0.5679,0.6456,0.7497,0.862,1.0907,1.1309,0.4492,0.4776,0.6001,1.0195,1.0027,0.5674,0.6077,0.6362,0.6478,0.8939,0.4535,0.4618,0.6499,1.0092,1.1224,0.5344,0.4739,0.5431,0.5608,0.74,0.5558,0.5683,0.7068,1.0056,0.9052,0.4598,0.4678,0.4947,0.5291,0.6012
0.0917,0.092,0.0921,0.0936,0.093,0.094,0.0928,0.093,0.0932,0.093,0.3235,0.6387,0.7405,0.5722,0.7968,0.8318,0.7909,0.8094,1.067,1.1221,0.4846,0.535,0.5067,0.4904,0.5418,0.6561,0.8272,0.9644,1.116,1.0827,0.33,0.5386,0.5052,0.5332,0.5613,0.6474,0.7517,0.8624,1.0936,1.1297,0.4471,0.4765,0.5841,1.0133,1.003,0.5665,0.602,0.6323,0.6448,0.8892,0.4518,0.4603,0.6425,1.0001,1.123,0.5349,0.472,0.5372,0.5567,0.727,0.5568,0.5652,0.6923,1.0002,0.9151,0.4556,0.4646,0.4903,0.5254,0.5975
