max_growth,k_val,num_open,MDF
0.876948105,0.17,1013,0.01
0.876994725,0.16999,1013,0.01
0.876993332,0.16998,1013,0.01
0.876994725,0.16997,1013,0.01
0.876993332,0.16996,1013,0.01
0.876994725,0.16995,1013,0.01
0.876994725,0.16994,1013,0.01
0.876995553,0.16993,1013,0.01
0.876962812,0.16992,1013,0.01
0.876962812,0.16991,1013,0.01
0.876962812,0.1699,1013,0.01
0.876962812,0.16989,1013,0.01
0.876994732,0.16988,1013,0.01
0.876994732,0.16987,1013,0.01
0.876992505,0.16986,1013,0.01
0.876962812,0.16985,1013,0.01
0.876992505,0.16984,1013,0.01
0.876995559,0.16983,1013,0.01
0.876993332,0.16982,1013,0.01
0.876995553,0.16981,1013,0.01
0.876992505,0.1698,1013,0.01
0.876995553,0.16979,1013,0.01
0.876992505,0.16978,1013,0.01
0.876995553,0.16977,1013,0.01
0.876995553,0.16976,1013,0.01
0.876995559,0.16975,1013,0.01
0.876992505,0.16974,1013,0.01
0.876995553,0.16973,1013,0.01
0.876994725,0.16972,1013,0.01
0.876994725,0.16971,1013,0.01
0.876993339,0.1697,1013,0.01
0.876962812,0.16969,1013,0.01
0.876994725,0.16968,1013,0.01
0.876994725,0.16967,1013,0.01
0.876994725,0.16966,1013,0.01
0.876994725,0.16965,1013,0.01
0.876994732,0.16964,1013,0.01
0.876993339,0.16963,1013,0.01
0.876995559,0.16962,1013,0.01
0.876995559,0.16961,1013,0.01
0.876993339,0.1696,1013,0.01
0.876994732,0.16959,1013,0.01
0.876995553,0.16958,1013,0.01
0.876995559,0.16957,1013,0.01
0.876995559,0.16956,1013,0.01
0.876995559,0.16955,1013,0.01
0.876994732,0.16954,1013,0.01
0.876995559,0.16953,1013,0.01
0.876995559,0.16952,1013,0.01
0.876995559,0.16951,1013,0.01
0.876994732,0.1695,1013,0.01
0.876995559,0.16949,1013,0.01
0.876994725,0.16948,1013,0.01
0.876994732,0.16947,1013,0.01
0.876994732,0.16946,1013,0.01
0.876992511,0.16945,1013,0.01
0.876993339,0.16944,1013,0.01
0.876995559,0.16943,1013,0.01
0.876995559,0.16942,1013,0.01
0.876994732,0.16941,1013,0.01
0.876994725,0.1694,1013,0.01
0.876994725,0.16939,1013,0.01
0.876995559,0.16938,1013,0.01
0.876994732,0.16937,1013,0.01
0.876995553,0.16936,1013,0.01
0.876995553,0.16935,1013,0.01
0.876995553,0.16934,1013,0.01
0.876994725,0.16933,1013,0.01
0.876995559,0.16932,1013,0.01
0.876995559,0.16931,1013,0.01
0.876995559,0.1693,1013,0.01
0.876994732,0.16929,1013,0.01
0.876992511,0.16928,1013,0.01
0.876995553,0.16927,1013,0.01
0.876994725,0.16926,1013,0.01
0.876962806,0.16925,1013,0.01
0.876994725,0.16924,1013,0.01
0.876992505,0.16923,1013,0.01
0.876995559,0.16922,1013,0.01
0.876995553,0.16921,1013,0.01
0.876995553,0.1692,1013,0.01
0.876995553,0.16919,1013,0.01
0.876992511,0.16918,1013,0.01
0.876995559,0.16917,1013,0.01
0.876993332,0.16916,1013,0.01
0.876994732,0.16915,1013,0.01
0.876993332,0.16914,1013,0.01
0.876994725,0.16913,1013,0.01
0.876993339,0.16912,1013,0.01
0.876994732,0.16911,1013,0.01
0.876994732,0.1691,1013,0.01
0.876995553,0.16909,1013,0.01
0.876994732,0.16908,1013,0.01
0.876995559,0.16907,1013,0.01
0.876994725,0.16906,1013,0.01
0.876994725,0.16905,1013,0.01
0.876994725,0.16904,1013,0.01
0.876995553,0.16903,1013,0.01
0.876994725,0.16902,1013,0.01
0.876994732,0.16901,1013,0.01
0.876995553,0.169,1013,0.01
0.876994725,0.16899,1013,0.01
0.876994732,0.16898,1013,0.01
0.876995559,0.16897,1013,0.01
0.876994732,0.16896,1013,0.01
0.876995559,0.16895,1013,0.01
0.876994732,0.16894,1013,0.01
0.876994725,0.16893,1013,0.01
0.876994725,0.16892,1013,0.01
0.876995553,0.16891,1013,0.01
0.876995553,0.1689,1013,0.01
0.876993332,0.16889,1013,0.01
0.876994725,0.16888,1013,0.01
0.876994725,0.16887,1013,0.01
0.876994725,0.16886,1013,0.01
0.876993332,0.16885,1013,0.01
0.876993332,0.16884,1013,0.01
0.876995553,0.16883,1013,0.01
0.876994725,0.16882,1013,0.01
0.876994725,0.16881,1013,0.01
0.876995559,0.1688,1013,0.01
0.876994725,0.16879,1013,0.01
0.876992511,0.16878,1013,0.01
0.876995553,0.16877,1013,0.01
0.876995553,0.16876,1013,0.01
0.876993332,0.16875,1013,0.01
0.876994725,0.16874,1013,0.01
0.876995553,0.16873,1013,0.01
0.876994725,0.16872,1013,0.01
0.876992511,0.16871,1013,0.01
0.876994732,0.1687,1013,0.01
0.876995553,0.16869,1013,0.01
0.876994732,0.16868,1013,0.01
0.876994725,0.16867,1013,0.01
0.876994732,0.16866,1013,0.01
0.876993339,0.16865,1013,0.01
0.876995553,0.16864,1013,0.01
0.87698746,0.16863,1013,0.01
0.876995553,0.16862,1013,0.01
0.876994732,0.16861,1013,0.01
0.876994732,0.1686,1013,0.01
0.876994732,0.16859,1013,0.01
0.876994725,0.16858,1013,0.01
0.876992511,0.16857,1013,0.01
0.876994725,0.16856,1013,0.01
0.876992505,0.16855,1013,0.01
0.876995559,0.16854,1013,0.01
0.876992511,0.16853,1013,0.01
0.876992505,0.16852,1013,0.01
0.876993332,0.16851,1013,0.01
0.876993332,0.1685,1013,0.01
0.876995553,0.16849,1013,0.01
0.876993339,0.16848,1013,0.01
0.876994732,0.16847,1013,0.01
0.876994732,0.16846,1013,0.01
0.876994732,0.16845,1013,0.01
0.876994732,0.16844,1013,0.01
0.876995553,0.16843,1013,0.01
0.876993332,0.16842,1013,0.01
0.876994732,0.16841,1013,0.01
0.876994732,0.1684,1013,0.01
0.876994725,0.16839,1013,0.01
0.876992511,0.16838,1013,0.01
0.876992511,0.16837,1013,0.01
0.876992511,0.16836,1013,0.01
0.876994732,0.16835,1013,0.01
0.876995559,0.16834,1013,0.01
0.876995559,0.16833,1013,0.01
0.876992511,0.16832,1013,0.01
0.876995553,0.16831,1013,0.01
0.876994732,0.1683,1013,0.01
0.876994732,0.16829,1013,0.01
0.876994732,0.16828,1013,0.01
0.876994725,0.16827,1013,0.01
0.876994732,0.16826,1013,0.01
0.876994732,0.16825,1013,0.01
0.876994732,0.16824,1013,0.01
0.876994732,0.16823,1013,0.01
0.876994725,0.16822,1013,0.01
0.876994732,0.16821,1013,0.01
0.876995559,0.1682,1013,0.01
0.876994732,0.16819,1013,0.01
0.876994732,0.16818,1013,0.01
0.876995553,0.16817,1013,0.01
0.876994732,0.16816,1013,0.01
0.876994725,0.16815,1012,0.01
0.876995553,0.16814,1012,0.01
0.876994732,0.16813,1012,0.01
0.876992505,0.16812,1012,0.01
0.876994725,0.16811,1012,0.01
0.876994732,0.1681,1012,0.01
0.876992511,0.16809,1012,0.01
0.876992511,0.16808,1012,0.01
0.876992511,0.16807,1012,0.01
0.876994725,0.16806,1012,0.01
0.876995559,0.16805,1012,0.01
0.876995559,0.16804,1012,0.01
0.876995559,0.16803,1012,0.01
0.876995553,0.16802,1012,0.01
0.876994732,0.16801,1012,0.01
0.876992505,0.168,1012,0.01
0.876995559,0.16799,1012,0.01
0.876994732,0.16798,1012,0.01
0.876994725,0.16797,1012,0.01
0.876994732,0.16796,1012,0.01
0.876994725,0.16795,1012,0.01
0.876995559,0.16794,1012,0.01
0.876994725,0.16793,1012,0.01
0.876992511,0.16792,1012,0.01
0.876994725,0.16791,1012,0.01
0.876994732,0.1679,1012,0.01
0.876992511,0.16789,1012,0.01
0.876993332,0.16788,1012,0.01
0.876995559,0.16787,1012,0.01
0.876994725,0.16786,1012,0.01
0.876994732,0.16785,1012,0.01
0.876995559,0.16784,1012,0.01
0.876992505,0.16783,1012,0.01
0.876994732,0.16782,1012,0.01
0.876995559,0.16781,1012,0.01
0.876994725,0.1678,1012,0.01
0.876994725,0.16779,1012,0.01
0.876994732,0.16778,1012,0.01
0.876992511,0.16777,1012,0.01
0.876994725,0.16776,1012,0.01
0.876992511,0.16775,1012,0.01
0.876994725,0.16774,1012,0.01
0.876992505,0.16773,1012,0.01
0.876992505,0.16772,1012,0.01
0.876994725,0.16771,1012,0.01
0.876995553,0.1677,1012,0.01
0.876994725,0.16769,1012,0.01
0.876992505,0.16768,1012,0.01
0.876995553,0.16767,1012,0.01
0.876994725,0.16766,1012,0.01
0.876992505,0.16765,1012,0.01
0.876995559,0.16764,1012,0.01
0.876994725,0.16763,1012,0.01
0.876994732,0.16762,1012,0.01
0.876992511,0.16761,1012,0.01
0.876992505,0.1676,1012,0.01
0.876995559,0.16759,1012,0.01
0.876994725,0.16758,1012,0.01
0.876995553,0.16757,1012,0.01
0.876994725,0.16756,1012,0.01
0.876992505,0.16755,1012,0.01
0.876994725,0.16754,1012,0.01
0.876992511,0.16753,1012,0.01
0.876992505,0.16752,1012,0.01
0.876994725,0.16751,1012,0.01
0.876994732,0.1675,1012,0.01
0.876992511,0.16749,1012,0.01
0.876995559,0.16748,1012,0.01
0.876992505,0.16747,1012,0.01
0.876992505,0.16746,1012,0.01
0.876992505,0.16745,1012,0.01
0.876995559,0.16744,1012,0.01
0.876992511,0.16743,1012,0.01
0.876995553,0.16742,1012,0.01
0.876992511,0.16741,1012,0.01
0.876995553,0.1674,1012,0.01
0.876992505,0.16739,1012,0.01
0.876992511,0.16738,1012,0.01
0.876993339,0.16737,1012,0.01
0.876994732,0.16736,1012,0.01
0.876992505,0.16735,1012,0.01
0.876993332,0.16734,1012,0.01
0.876994732,0.16733,1012,0.01
0.876992505,0.16732,1012,0.01
0.876992511,0.16731,1012,0.01
0.876992505,0.1673,1012,0.01
0.876992505,0.16729,1012,0.01
0.876992505,0.16728,1012,0.01
0.876994732,0.16727,1012,0.01
0.876948105,0.16726,1012,0.01
0.876994732,0.16725,1012,0.01
0.876992505,0.16724,1012,0.01
0.876992505,0.16723,1012,0.01
0.876994732,0.16722,1012,0.01
0.876992505,0.16721,1012,0.01
0.876995553,0.1672,1012,0.01
0.876992505,0.16719,1012,0.01
0.876992505,0.16718,1012,0.01
0.876993339,0.16717,1012,0.01
0.876994725,0.16716,1012,0.01
0.876995553,0.16715,1012,0.01
0.876994725,0.16714,1012,0.01
0.876995559,0.16713,1012,0.01
0.876994732,0.16712,1012,0.01
0.876995559,0.16711,1012,0.01
0.876994732,0.1671,1012,0.01
0.876994725,0.16709,1012,0.01
0.876994732,0.16708,1012,0.01
0.876994732,0.16707,1012,0.01
0.876994725,0.16706,1012,0.01
0.876947277,0.16705,1012,0.01
0.876992505,0.16704,1012,0.01
0.876995559,0.16703,1012,0.01
0.876995559,0.16702,1012,0.01
0.876994725,0.16701,1012,0.01
0.876994725,0.167,1012,0.01
0.876995559,0.16699,1012,0.01
0.876994725,0.16698,1012,0.01
0.876995553,0.16697,1012,0.01
0.876994732,0.16696,1012,0.01
0.876995559,0.16695,1012,0.01
0.876995553,0.16694,1012,0.01
0.876994725,0.16693,1012,0.01
0.876995559,0.16692,1012,0.01
0.876994725,0.16691,1012,0.01
0.876992511,0.1669,1012,0.01
0.876995559,0.16689,1012,0.01
0.876994725,0.16688,1012,0.01
0.876948098,0.16687,1012,0.01
0.876994725,0.16686,1012,0.01
0.876995559,0.16685,1012,0.01
0.876994725,0.16684,1012,0.01
0.876993332,0.16683,1012,0.01
0.876992505,0.16682,1012,0.01
0.876995553,0.16681,1012,0.01
0.876992505,0.1668,1012,0.01
0.876994725,0.16679,1012,0.01
0.876948098,0.16678,1012,0.01
0.876994725,0.16677,1012,0.01
0.876995553,0.16676,1012,0.01
0.876995559,0.16675,1012,0.01
0.876995553,0.16674,1012,0.01
0.876995553,0.16673,1012,0.01
0.876994725,0.16672,1012,0.01
0.876994725,0.16671,1012,0.01
0.876994725,0.1667,1012,0.01
0.876995553,0.16669,1012,0.01
0.876992505,0.16668,1012,0.01
0.876995553,0.16667,1012,0.01
0.876995559,0.16666,1012,0.01
0.876992511,0.16665,1012,0.01
0.876994725,0.16664,1012,0.01
0.876994725,0.16663,1012,0.01
0.876995553,0.16662,1012,0.01
0.876994725,0.16661,1012,0.01
0.876992505,0.1666,1012,0.01
0.876994725,0.16659,1012,0.01
0.876995559,0.16658,1012,0.01
0.876995553,0.16657,1012,0.01
0.876994725,0.16656,1012,0.01
0.876994725,0.16655,1012,0.01
0.876995553,0.16654,1012,0.01
0.876947277,0.16653,1012,0.01
0.876994732,0.16652,1012,0.01
0.876992505,0.16651,1012,0.01
0.876994725,0.1665,1012,0.01
0.876994725,0.16649,1012,0.01
0.876992505,0.16648,1012,0.01
0.876994732,0.16647,1012,0.01
0.876994725,0.16646,1012,0.01
0.876995553,0.16645,1012,0.01
0.876994725,0.16644,1012,0.01
0.876992505,0.16643,1012,0.01
0.876995559,0.16642,1012,0.01
0.876947271,0.16641,1012,0.01
0.876994725,0.1664,1012,0.01
0.876995553,0.16639,1012,0.01
0.876994732,0.16638,1011,0.01
0.876994725,0.16637,1011,0.01
0.876992505,0.16636,1011,0.01
0.876992511,0.16635,1011,0.01
0.876995553,0.16634,1011,0.01
0.876992505,0.16633,1011,0.01
0.876995553,0.16632,1011,0.01
0.876992505,0.16631,1011,0.01
0.876994725,0.1663,1011,0.01
0.876995553,0.16629,1011,0.01
0.876994732,0.16628,1011,0.01
0.876992511,0.16627,1011,0.01
0.876994725,0.16626,1011,0.01
0.876994732,0.16625,1011,0.01
0.876994732,0.16624,1011,0.01
0.876994732,0.16623,1011,0.01
0.876994725,0.16622,1011,0.01
0.876994732,0.16621,1011,0.01
0.876994732,0.1662,1011,0.01
0.876993332,0.16619,1011,0.01
0.876994732,0.16618,1011,0.01
0.876994732,0.16617,1011,0.01
0.876995553,0.16616,1011,0.01
0.876994725,0.16615,1011,0.01
0.876994732,0.16614,1011,0.01
0.876992505,0.16613,1011,0.01
0.876994725,0.16612,1011,0.01
0.876994725,0.16611,1011,0.01
0.876994725,0.1661,1011,0.01
0.876994725,0.16609,1010,0.01
0.876994732,0.16608,1010,0.01
0.876947271,0.16607,1010,0.01
0.876993339,0.16606,1010,0.01
0.876995559,0.16605,1010,0.01
0.876993339,0.16604,1010,0.01
0.876994732,0.16603,1010,0.01
0.876995559,0.16602,1010,0.01
0.876995553,0.16601,1010,0.01
0.876994725,0.166,1010,0.01
0.876994732,0.16599,1010,0.01
0.876994725,0.16598,1010,0.01
0.876995553,0.16597,1010,0.01
0.876995559,0.16596,1010,0.01
0.876995559,0.16595,1010,0.01
0.876994725,0.16594,1010,0.01
0.876994725,0.16593,1010,0.01
0.876994732,0.16592,1010,0.01
0.876994732,0.16591,1010,0.01
0.876995553,0.1659,1010,0.01
0.876992505,0.16589,1010,0.01
0.876992511,0.16588,1010,0.01
0.876993339,0.16587,1010,0.01
0.876994725,0.16586,1010,0.01
0.876994725,0.16585,1010,0.01
0.876994725,0.16584,1010,0.01
0.876995553,0.16583,1010,0.01
0.876995553,0.16582,1009,0.01
0.876994725,0.16581,1009,0.01
0.876992505,0.1658,1009,0.01
0.876994725,0.16579,1009,0.01
0.876994732,0.16578,1009,0.01
0.876947277,0.16577,1009,0.01
0.876994725,0.16576,1009,0.01
0.876992511,0.16575,1009,0.01
0.876995553,0.16574,1009,0.01
0.876995553,0.16573,1009,0.01
0.876994732,0.16572,1009,0.01
0.876995553,0.16571,1009,0.01
0.876992505,0.1657,1009,0.01
0.876994725,0.16569,1009,0.01
0.876994725,0.16568,1009,0.01
0.876995553,0.16567,1009,0.01
0.876994732,0.16566,1009,0.01
0.876947277,0.16565,1009,0.01
0.876994732,0.16564,1009,0.01
0.876994732,0.16563,1009,0.01
0.876994732,0.16562,1009,0.01
0.876994732,0.16561,1009,0.01
0.876994732,0.1656,1009,0.01
0.876994732,0.16559,1009,0.01
0.876994725,0.16558,1009,0.01
0.876994732,0.16557,1009,0.01
0.876994732,0.16556,1008,0.01
0.876994725,0.16555,1008,0.01
0.876994725,0.16554,1008,0.01
0.876993332,0.16553,1008,0.01
0.876992505,0.16552,1008,0.01
0.876994725,0.16551,1008,0.01
0.876994732,0.1655,1008,0.01
0.876994732,0.16549,1008,0.01
0.876994725,0.16548,1008,0.01
0.876994725,0.16547,1008,0.01
0.876994725,0.16546,1008,0.01
0.876994725,0.16545,1008,0.01
0.876993332,0.16544,1008,0.01
0.876992505,0.16543,1008,0.01
0.876993332,0.16542,1008,0.01
0.876994725,0.16541,1008,0.01
0.876993332,0.1654,1007,0.01
0.876994725,0.16539,1007,0.01
0.876994732,0.16538,1007,0.01
0.876992505,0.16537,1007,0.01
0.876994725,0.16536,1007,0.01
0.876994732,0.16535,1007,0.01
0.876994732,0.16534,1007,0.01
0.876992505,0.16533,1007,0.01
0.876994732,0.16532,1007,0.01
0.876994725,0.16531,1007,0.01
0.876994732,0.1653,1007,0.01
0.876994725,0.16529,1007,0.01
0.876994725,0.16528,1007,0.01
0.876994725,0.16527,1006,0.01
0.876994732,0.16526,1006,0.01
0.876994732,0.16525,1006,0.01
0.876994725,0.16524,1006,0.01
0.876994725,0.16523,1006,0.01
0.876994732,0.16522,1006,0.01
0.876994725,0.16521,1006,0.01
0.876994725,0.1652,1006,0.01
0.876947271,0.16519,1006,0.01
0.876994725,0.16518,1006,0.01
0.876994725,0.16517,1006,0.01
0.876994725,0.16516,1006,0.01
0.876947271,0.16515,1006,0.01
0.876994725,0.16514,1005,0.01
0.876992505,0.16513,1005,0.01
0.876994725,0.16512,1005,0.01
0.876994732,0.16511,1005,0.01
0.876994725,0.1651,1005,0.01
0.876992505,0.16509,1005,0.01
0.876992505,0.16508,1005,0.01
0.876994732,0.16507,1005,0.01
0.876994725,0.16506,1005,0.01
0.876994725,0.16505,1005,0.01
0.876994725,0.16504,1005,0.01
0.876992505,0.16503,1005,0.01
0.876994732,0.16502,1004,0.01
0.876994725,0.16501,1004,0.01
0.876994732,0.165,1004,0.01
0.876992511,0.16499,1004,0.01
0.876994732,0.16498,1004,0.01
0.876994732,0.16497,1004,0.01
0.876994732,0.16496,1004,0.01
0.876992505,0.16495,1004,0.01
0.876994725,0.16494,1004,0.01
0.876994725,0.16493,1004,0.01
0.876994725,0.16492,1003,0.01
0.876994725,0.16491,1003,0.01
0.876994725,0.1649,1003,0.01
0.876994725,0.16489,1003,0.01
0.876994725,0.16488,1003,0.01
0.876994725,0.16487,1003,0.01
0.876994725,0.16486,1003,0.01
0.876994725,0.16485,1003,0.01
0.876992505,0.16484,1003,0.01
0.876992505,0.16483,1003,0.01
0.876994725,0.16482,1003,0.01
0.876992511,0.16481,1003,0.01
0.876992511,0.1648,1002,0.01
0.876994725,0.16479,1002,0.01
0.876992505,0.16478,1002,0.01
0.876994725,0.16477,1002,0.01
0.876994725,0.16476,1002,0.01
0.876994725,0.16475,1002,0.01
0.876994725,0.16474,1002,0.01
0.876994725,0.16473,1001,0.01
0.876994725,0.16472,1001,0.01
0.876992505,0.16471,1001,0.01
0.876992505,0.1647,1001,0.01
0.876992511,0.16469,1001,0.01
0.876992505,0.16468,1001,0.01
0.876994725,0.16467,1000,0.01
0.876992505,0.16466,1000,0.01
0.876992511,0.16465,1000,0.01
0.876992505,0.16464,1000,0.01
0.876992505,0.16463,1000,0.01
0.876992511,0.16462,999,0.01
0.876992511,0.16461,999,0.01
0.876994725,0.1646,999,0.01
0.876992511,0.16459,999,0.01
0.876994725,0.16458,998,0.01
0.876994725,0.16457,998,0.01
0.876992505,0.16456,998,0.01
0.876992505,0.16455,998,0.01
0.876992505,0.16454,998,0.01
0.876992505,0.16453,997,0.01
0.876992505,0.16452,997,0.01
0.876992505,0.16451,997,0.01
0.876992505,0.1645,997,0.01
0.876992505,0.16449,996,0.01
0.876992505,0.16448,996,0.01
0.876992505,0.16447,996,0.01
0.876992505,0.16446,996,0.01
0.876947271,0.16445,995,0.01
0.876992505,0.16444,995,0.01
0.876992505,0.16443,995,0.01
0.876992505,0.16442,994,0.01
0.876992505,0.16441,994,0.01
0.876992505,0.1644,994,0.01
0.876992505,0.16439,994,0.01
0.876992505,0.1643,986,0.01
0.876992505,0.16429,984,0.01
0.876992505,0.16428,981,0.01
0.876992505,0.16427,977,0.01
0.876992505,0.16426,963,0.01
0.876857575,0.16425,988,0.01
0.876857575,0.16424,986,0.01
0.876857575,0.16423,984,0.01
0.876857575,0.16422,981,0.01
0.876857575,0.16421,978,0.01
0.876857575,0.1642,969,0.01
0.876760384,0.16419,1006,0.01
0.876760384,0.16418,1006,0.01
0.876760384,0.16417,1005,0.01
0.876760391,0.16416,1005,0.01
0.876760391,0.16415,1005,0.01
0.876758165,0.16414,1005,0.01
0.876760391,0.16413,1005,0.01
0.876760384,0.16412,1005,0.01
0.876760384,0.16411,1005,0.01
0.876760384,0.1641,1005,0.01
0.876760384,0.16409,1005,0.01
0.876760384,0.16408,1005,0.01
0.876760384,0.16407,1005,0.01
0.876760384,0.16406,1005,0.01
0.876760384,0.16405,1004,0.01
0.876712955,0.16404,1004,0.01
0.876760384,0.16403,1004,0.01
0.876760384,0.16402,1004,0.01
0.876758165,0.16401,1004,0.01
0.876760384,0.164,1004,0.01
0.876760384,0.16399,1004,0.01
0.876760384,0.16398,1004,0.01
0.876758165,0.16397,1004,0.01
0.876760384,0.16396,1004,0.01
0.876760384,0.16395,1004,0.01
0.876760384,0.16394,1004,0.01
0.876758165,0.16393,1003,0.01
0.876760384,0.16392,1003,0.01
0.876758172,0.16391,1003,0.01
0.876760384,0.1639,1003,0.01
0.876758165,0.16389,1003,0.01
0.876758172,0.16388,1003,0.01
0.876760384,0.16387,1003,0.01
0.876760384,0.16386,1003,0.01
0.876760384,0.16385,1003,0.01
0.876760384,0.16384,1003,0.01
0.876760384,0.16383,1003,0.01
0.876760384,0.16382,1002,0.01
0.876758165,0.16381,1002,0.01
0.876758165,0.1638,1002,0.01
0.876758165,0.16379,1002,0.01
0.876758165,0.16378,1002,0.01
0.876758165,0.16377,1002,0.01
0.876758165,0.16376,1002,0.01
0.876758165,0.16375,1001,0.01
0.876758165,0.16374,1001,0.01
0.876758165,0.16373,1001,0.01
0.876758165,0.16372,1001,0.01
0.876758165,0.16371,1001,0.01
0.876758165,0.1637,1001,0.01
0.876758165,0.16369,1000,0.01
0.876758165,0.16368,1000,0.01
0.876758165,0.16367,1000,0.01
0.876758165,0.16366,1000,0.01
0.876758165,0.16365,1000,0.01
0.876758165,0.16364,999,0.01
0.876758165,0.16363,999,0.01
0.876758165,0.16362,999,0.01
0.876758165,0.16361,999,0.01
0.876758165,0.1636,999,0.01
0.876758165,0.16359,999,0.01
0.876758165,0.16358,998,0.01
0.876758165,0.16357,998,0.01
0.876758165,0.16356,997,0.01
0.876758165,0.16355,996,0.01
0.876758165,0.16354,994,0.01
0.876758165,0.16353,992,0.01
0.876758165,0.16352,990,0.01
0.876758165,0.16351,986,0.01
0.876758165,0.1635,977,0.01
0.876623307,0.16349,996,0.01
0.876623307,0.16348,995,0.01
0.876623307,0.16347,993,0.01
0.876623307,0.16346,991,0.01
0.876623307,0.16345,988,0.01
0.876623307,0.16344,983,0.01
0.875847388,0.16343,993,0.01
0.875847388,0.16342,993,0.01
0.875847388,0.16341,992,0.01
0.875847388,0.1634,992,0.01
0.875847388,0.16339,991,0.01
0.875847388,0.16338,990,0.01
0.875847388,0.16337,988,0.01
0.875847388,0.16336,987,0.01
0.875847388,0.16335,985,0.01
0.875847388,0.16334,983,0.01
0.875847388,0.16333,980,0.01
0.875847388,0.16332,975,0.01
0.87571281,0.16331,988,0.01
0.87571281,0.1633,987,0.01
0.87571281,0.16329,985,0.01
0.87571281,0.16328,983,0.01
0.87571281,0.16327,980,0.01
0.87571281,0.16326,975,0.01
0.875615873,0.16325,1006,0.01
0.875615873,0.16324,1006,0.01
0.875615879,0.16323,1005,0.01
0.875615879,0.16322,1005,0.01
0.875613666,0.16321,1005,0.01
0.875615879,0.1632,1005,0.01
0.875615873,0.16319,1005,0.01
0.875615879,0.16318,1005,0.01
0.87561366,0.16317,1005,0.01
0.875615873,0.16316,1005,0.01
0.875615873,0.16315,1005,0.01
0.875615873,0.16314,1005,0.01
0.875615873,0.16313,1005,0.01
0.875615873,0.16312,1005,0.01
0.875615873,0.16311,1004,0.01
0.87561366,0.1631,1004,0.01
0.875613666,0.16309,1004,0.01
0.87561366,0.16308,1004,0.01
0.875615873,0.16307,1004,0.01
0.875615873,0.16306,1004,0.01
0.875613666,0.16305,1004,0.01
0.875615873,0.16304,1004,0.01
0.87561366,0.16303,1004,0.01
0.875568568,0.16302,1004,0.01
0.875613666,0.16301,1004,0.01
0.875615873,0.163,1004,0.01
0.875615873,0.16299,1003,0.01
0.875615873,0.16298,1003,0.01
0.87561366,0.16297,1003,0.01
0.875615873,0.16296,1003,0.01
0.875615873,0.16295,1003,0.01
0.875613666,0.16294,1003,0.01
0.875615873,0.16293,1003,0.01
0.87561366,0.16292,1003,0.01
0.87561366,0.16291,1003,0.01
0.87561366,0.1629,1003,0.01
0.875615873,0.16289,1003,0.01
0.875615873,0.16288,1002,0.01
0.875615873,0.16287,1002,0.01
0.875613666,0.16286,1002,0.01
0.87561366,0.16285,1002,0.01
0.87561366,0.16284,1002,0.01
0.87561366,0.16283,1002,0.01
0.87561366,0.16282,1001,0.01
0.87561366,0.16281,1001,0.01
0.87561366,0.1628,1001,0.01
0.87561366,0.16279,1001,0.01
0.87561366,0.16278,1001,0.01
0.87561366,0.16277,1001,0.01
0.87561366,0.16276,1000,0.01
0.87561366,0.16275,1000,0.01
0.87561366,0.16274,1000,0.01
0.87561366,0.16273,1000,0.01
0.87561366,0.16272,1000,0.01
0.87561366,0.16271,1000,0.01
0.87561366,0.1627,999,0.01
0.87561366,0.16269,999,0.01
0.87561366,0.16268,999,0.01
0.87561366,0.16267,999,0.01
0.87561366,0.16266,999,0.01
0.87561366,0.16265,999,0.01
0.87561366,0.16264,998,0.01
0.87561366,0.16263,997,0.01
0.87561366,0.16262,996,0.01
0.87561366,0.16261,995,0.01
0.87561366,0.1626,993,0.01
0.87561366,0.16259,991,0.01
0.87561366,0.16258,989,0.01
0.87561366,0.16257,984,0.01
0.875479154,0.16256,997,0.01
0.875479154,0.16255,996,0.01
0.875479154,0.16254,994,0.01
0.875479154,0.16253,993,0.01
0.875479154,0.16252,990,0.01
0.875479154,0.16251,987,0.01
0.875479154,0.1625,980,0.01
0.875076927,0.16249,1013,0.01
0.875079144,0.16248,1013,0.01
0.875079144,0.16247,1013,0.01
0.875079144,0.16246,1013,0.01
0.87507832,0.16245,1013,0.01
0.875079144,0.16244,1013,0.01
0.875076933,0.16243,1013,0.01
0.875078313,0.16242,1013,0.01
0.875031896,0.16241,1013,0.01
0.875079144,0.1624,1013,0.01
0.875076927,0.16239,1013,0.01
0.87507832,0.16238,1013,0.01
0.875076109,0.16237,1013,0.01
0.875079144,0.16236,1013,0.01
0.875076109,0.16235,1013,0.01
0.875076927,0.16234,1013,0.01
0.875079137,0.16233,1013,0.01
0.875076109,0.16232,1013,0.01
0.875031896,0.16231,1013,0.01
0.875079144,0.1623,1013,0.01
0.875076933,0.16229,1013,0.01
0.875076927,0.16228,1013,0.01
0.875079144,0.16227,1013,0.01
0.875078313,0.16226,1013,0.01
0.875031896,0.16225,1013,0.01
0.87507832,0.16224,1013,0.01
0.875079144,0.16223,1013,0.01
0.875079144,0.16222,1013,0.01
0.875076933,0.16221,1013,0.01
0.875079144,0.1622,1013,0.01
0.875078313,0.16219,1013,0.01
0.875078313,0.16218,1013,0.01
0.875079144,0.16217,1013,0.01
0.875079137,0.16216,1013,0.01
0.875079144,0.16215,1013,0.01
0.875079144,0.16214,1013,0.01
0.875079144,0.16213,1013,0.01
0.875079137,0.16212,1013,0.01
0.87507832,0.16211,1013,0.01
0.875079144,0.1621,1013,0.01
0.875076933,0.16209,1013,0.01
0.875079144,0.16208,1013,0.01
0.875079137,0.16207,1013,0.01
0.875079144,0.16206,1013,0.01
0.875076927,0.16205,1013,0.01
0.875079144,0.16204,1013,0.01
0.875079144,0.16203,1013,0.01
0.875076933,0.16202,1013,0.01
0.87507832,0.16201,1013,0.01
0.875079137,0.162,1013,0.01
0.875031073,0.16199,1013,0.01
0.87507832,0.16198,1013,0.01
0.875079144,0.16197,1013,0.01
0.875079144,0.16196,1013,0.01
0.875079144,0.16195,1013,0.01
0.875079144,0.16194,1013,0.01
0.875076933,0.16193,1013,0.01
0.875076933,0.16192,1013,0.01
0.875079137,0.16191,1013,0.01
0.875076927,0.1619,1013,0.01
0.875079144,0.16189,1013,0.01
0.875078313,0.16188,1013,0.01
0.87507832,0.16187,1013,0.01
0.875079144,0.16186,1013,0.01
0.875079137,0.16185,1013,0.01
0.875079137,0.16184,1013,0.01
0.875079137,0.16183,1013,0.01
0.875078313,0.16182,1013,0.01
0.875079144,0.16181,1013,0.01
0.875078313,0.1618,1013,0.01
0.875076933,0.16179,1013,0.01
0.87507832,0.16178,1013,0.01
0.875079144,0.16177,1013,0.01
0.875031896,0.16176,1013,0.01
0.875076927,0.16175,1013,0.01
0.87507832,0.16174,1013,0.01
0.875076933,0.16173,1013,0.01
0.875076933,0.16172,1013,0.01
0.87507832,0.16171,1013,0.01
0.875079137,0.1617,1013,0.01
0.875079137,0.16169,1013,0.01
0.875079144,0.16168,1013,0.01
0.87507832,0.16167,1013,0.01
0.875079144,0.16166,1013,0.01
0.875079144,0.16165,1013,0.01
0.875079137,0.16164,1013,0.01
0.875079137,0.16163,1013,0.01
0.875079137,0.16162,1013,0.01
0.875078313,0.16161,1013,0.01
0.875076927,0.1616,1013,0.01
0.875079144,0.16159,1013,0.01
0.875076927,0.16158,1013,0.01
0.875031896,0.16157,1013,0.01
0.875079137,0.16156,1013,0.01
0.875079137,0.16155,1013,0.01
0.875079144,0.16154,1013,0.01
0.875079144,0.16153,1013,0.01
0.875079144,0.16152,1013,0.01
0.875079144,0.16151,1013,0.01
0.875078313,0.1615,1013,0.01
0.875079144,0.16149,1013,0.01
0.875079144,0.16148,1013,0.01
0.875076933,0.16147,1013,0.01
0.875071087,0.16146,1013,0.01
0.875071087,0.16145,1013,0.01
0.875071087,0.16144,1013,0.01
0.875071087,0.16143,1013,0.01
0.875076927,0.16142,1013,0.01
0.87507832,0.16141,1013,0.01
0.87507832,0.1614,1013,0.01
0.875079144,0.16139,1013,0.01
0.875076103,0.16138,1013,0.01
0.875079137,0.16137,1013,0.01
0.875078313,0.16136,1013,0.01
0.875079144,0.16135,1013,0.01
0.875076927,0.16134,1013,0.01
0.875079144,0.16133,1013,0.01
0.87507832,0.16132,1013,0.01
0.875079137,0.16131,1013,0.01
0.875071087,0.1613,1013,0.01
0.875079144,0.16129,1013,0.01
0.875076933,0.16128,1012,0.01
0.87507832,0.16127,1012,0.01
0.875071087,0.16126,1012,0.01
0.875071087,0.16125,1012,0.01
0.875071087,0.16124,1012,0.01
0.875076103,0.16123,1012,0.01
0.875076103,0.16122,1012,0.01
0.875079137,0.16121,1012,0.01
0.875076933,0.1612,1012,0.01
0.875079144,0.16119,1012,0.01
0.875079144,0.16118,1012,0.01
0.875079137,0.16117,1012,0.01
0.875079137,0.16116,1012,0.01
0.875079144,0.16115,1012,0.01
0.87507832,0.16114,1012,0.01
0.875078313,0.16113,1012,0.01
0.875079144,0.16112,1012,0.01
0.875079137,0.16111,1012,0.01
0.875079144,0.1611,1012,0.01
0.87507832,0.16109,1012,0.01
0.875079137,0.16108,1012,0.01
0.875079144,0.16107,1012,0.01
0.875076927,0.16106,1012,0.01
0.875078313,0.16105,1012,0.01
0.875079144,0.16104,1012,0.01
0.875076103,0.16103,1012,0.01
0.875079144,0.16102,1012,0.01
0.87507832,0.16101,1012,0.01
0.875078313,0.161,1012,0.01
0.875079144,0.16099,1012,0.01
0.875079144,0.16098,1012,0.01
0.875078313,0.16097,1012,0.01
0.875079144,0.16096,1012,0.01
0.875079137,0.16095,1012,0.01
0.875079137,0.16094,1012,0.01
0.875079144,0.16093,1012,0.01
0.875079137,0.16092,1012,0.01
0.875079137,0.16091,1012,0.01
0.87507832,0.1609,1012,0.01
0.875079144,0.16089,1012,0.01
0.875079137,0.16088,1012,0.01
0.875078313,0.16087,1012,0.01
0.875079144,0.16086,1012,0.01
0.875079137,0.16085,1012,0.01
0.875079137,0.16084,1012,0.01
0.875079144,0.16083,1012,0.01
0.875079137,0.16082,1012,0.01
0.875079144,0.16081,1012,0.01
0.875079144,0.1608,1012,0.01
0.875079137,0.16079,1012,0.01
0.875079144,0.16078,1012,0.01
0.875079137,0.16077,1012,0.01
0.875076933,0.16076,1012,0.01
0.875079137,0.16075,1012,0.01
0.875079144,0.16074,1012,0.01
0.875079137,0.16073,1012,0.01
0.875078136,0.16072,1012,0.01
0.875076933,0.16071,1012,0.01
0.87507832,0.1607,1012,0.01
0.875079137,0.16069,1012,0.01
0.875076109,0.16068,1012,0.01
0.87507832,0.16067,1012,0.01
0.875078313,0.16066,1012,0.01
0.87507832,0.16065,1012,0.01
0.875076103,0.16064,1012,0.01
0.875076103,0.16063,1012,0.01
0.87507832,0.16062,1012,0.01
0.875076933,0.16061,1012,0.01
0.875076109,0.1606,1012,0.01
0.875076933,0.16059,1012,0.01
0.875078313,0.16058,1012,0.01
0.87507832,0.16057,1012,0.01
0.875079137,0.16056,1012,0.01
0.875076933,0.16055,1012,0.01
0.875079137,0.16054,1012,0.01
0.875079137,0.16053,1012,0.01
0.875076933,0.16052,1012,0.01
0.875079137,0.16051,1012,0.01
0.875078313,0.1605,1012,0.01
0.875031896,0.16049,1012,0.01
0.875079144,0.16048,1012,0.01
0.875031896,0.16047,1012,0.01
0.87507832,0.16046,1012,0.01
0.875076933,0.16045,1012,0.01
0.875079137,0.16044,1012,0.01
0.875079137,0.16043,1012,0.01
0.875076927,0.16042,1012,0.01
0.875076933,0.16041,1012,0.01
0.875076933,0.1604,1012,0.01
0.875078313,0.16039,1012,0.01
0.875079144,0.16038,1012,0.01
0.875079137,0.16037,1012,0.01
0.87507832,0.16036,1012,0.01
0.875076927,0.16035,1012,0.01
0.87507832,0.16034,1012,0.01
0.87507832,0.16033,1012,0.01
0.87507832,0.16032,1012,0.01
0.875078313,0.16031,1012,0.01
0.87507832,0.1603,1012,0.01
0.87507832,0.16029,1012,0.01
0.875079137,0.16028,1012,0.01
0.875076927,0.16027,1012,0.01
0.875079144,0.16026,1012,0.01
0.875076109,0.16025,1012,0.01
0.875076103,0.16024,1012,0.01
0.875076103,0.16023,1012,0.01
0.875076109,0.16022,1012,0.01
0.875076103,0.16021,1012,0.01
0.875076103,0.1602,1012,0.01
0.875076927,0.16019,1012,0.01
0.875078313,0.16018,1012,0.01
0.875077764,0.16017,1012,0.01
0.875078313,0.16016,1012,0.01
0.875078313,0.16015,1012,0.01
0.875076927,0.16014,1012,0.01
0.87507832,0.16013,1012,0.01
0.875078313,0.16012,1012,0.01
0.875079144,0.16011,1012,0.01
0.87507832,0.1601,1012,0.01
0.875076927,0.16009,1012,0.01
0.875079144,0.16008,1012,0.01
0.875078313,0.16007,1012,0.01
0.87507832,0.16006,1012,0.01
0.87507832,0.16005,1012,0.01
0.87507832,0.16004,1012,0.01
0.87507832,0.16003,1012,0.01
0.875079144,0.16002,1012,0.01
0.875078313,0.16001,1012,0.01
0.875076109,0.16,1012,0.01
0.875076927,0.15999,1012,0.01
0.875076103,0.15998,1012,0.01
0.875076103,0.15997,1011,0.01
0.875076109,0.15996,1011,0.01
0.875076103,0.15995,1011,0.01
0.875076933,0.15994,1011,0.01
0.875076103,0.15993,1011,0.01
0.875076103,0.15992,1011,0.01
0.875076933,0.15991,1011,0.01
0.875079137,0.1599,1011,0.01
0.875031073,0.15989,1011,0.01
0.875078313,0.15988,1011,0.01
0.875079137,0.15987,1011,0.01
0.875076109,0.15986,1011,0.01
0.875079137,0.15985,1011,0.01
0.87507832,0.15984,1011,0.01
0.875076103,0.15983,1011,0.01
0.875076103,0.15982,1011,0.01
0.875076103,0.15981,1011,0.01
0.875031073,0.1598,1011,0.01
0.875079137,0.15979,1011,0.01
0.875079137,0.15978,1011,0.01
0.875079137,0.15977,1011,0.01
0.87507832,0.15976,1011,0.01
0.875076103,0.15975,1011,0.01
0.875076927,0.15974,1011,0.01
0.87507832,0.15973,1011,0.01
0.875076103,0.15972,1011,0.01
0.875078313,0.15971,1011,0.01
0.875076103,0.1597,1011,0.01
0.875079137,0.15969,1011,0.01
0.875078313,0.15968,1010,0.01
0.875076109,0.15967,1010,0.01
0.875078313,0.15966,1010,0.01
0.875076103,0.15965,1010,0.01
0.875075926,0.15964,1010,0.01
0.87507832,0.15963,1010,0.01
0.875076109,0.15962,1010,0.01
0.875078313,0.15961,1010,0.01
0.875078313,0.1596,1010,0.01
0.875078313,0.15959,1010,0.01
0.875078313,0.15958,1010,0.01
0.875078313,0.15957,1010,0.01
0.875078313,0.15956,1010,0.01
0.875076103,0.15955,1010,0.01
0.875076927,0.15954,1010,0.01
0.875078313,0.15953,1010,0.01
0.875076927,0.15952,1010,0.01
0.875078313,0.15951,1010,0.01
0.87507832,0.1595,1010,0.01
0.875076103,0.15949,1010,0.01
0.87507832,0.15948,1010,0.01
0.875078313,0.15947,1010,0.01
0.87507832,0.15946,1010,0.01
0.87507832,0.15945,1010,0.01
0.875076103,0.15944,1010,0.01
0.875076109,0.15943,1010,0.01
0.875078313,0.15942,1009,0.01
0.875078313,0.15941,1009,0.01
0.875078313,0.1594,1009,0.01
0.875078313,0.15939,1009,0.01
0.875031073,0.15938,1009,0.01
0.875076927,0.15937,1009,0.01
0.875076103,0.15936,1009,0.01
0.875076103,0.15935,1009,0.01
0.875076109,0.15934,1009,0.01
0.875076103,0.15933,1009,0.01
0.875076109,0.15932,1009,0.01
0.875076103,0.15931,1009,0.01
0.875076109,0.1593,1009,0.01
0.87507832,0.15929,1008,0.01
0.875078313,0.15928,1008,0.01
0.875031066,0.15927,1008,0.01
0.875076103,0.15926,1008,0.01
0.875076103,0.15925,1008,0.01
0.875076103,0.15924,1008,0.01
0.875078313,0.15923,1008,0.01
0.875076103,0.15922,1008,0.01
0.875076103,0.15921,1008,0.01
0.875078313,0.1592,1008,0.01
0.875076103,0.15919,1008,0.01
0.875076103,0.15918,1008,0.01
0.87507832,0.15917,1008,0.01
0.87507832,0.15916,1008,0.01
0.875076103,0.15915,1008,0.01
0.875076109,0.15914,1008,0.01
0.875078313,0.15913,1008,0.01
0.875078313,0.15912,1007,0.01
0.875076109,0.15911,1007,0.01
0.875076103,0.1591,1007,0.01
0.875076103,0.15909,1007,0.01
0.875076103,0.15908,1007,0.01
0.875076103,0.15907,1007,0.01
0.87507832,0.15906,1007,0.01
0.875076103,0.15905,1007,0.01
0.875076103,0.15904,1007,0.01
0.875078313,0.15903,1007,0.01
0.875076103,0.15902,1007,0.01
0.875076103,0.15901,1007,0.01
0.875031073,0.159,1007,0.01
0.875076103,0.15899,1006,0.01
0.87507832,0.15898,1006,0.01
0.87507832,0.15897,1006,0.01
0.875031066,0.15896,1006,0.01
0.875031066,0.15895,1006,0.01
0.875076103,0.15894,1006,0.01
0.875031066,0.15893,1006,0.01
0.875076109,0.15892,1006,0.01
0.875078313,0.15891,1006,0.01
0.875076103,0.1589,1006,0.01
0.875076103,0.15889,1006,0.01
0.875078313,0.15888,1006,0.01
0.875076109,0.15887,1005,0.01
0.875078313,0.15886,1005,0.01
0.875078313,0.15885,1005,0.01
0.875078313,0.15884,1005,0.01
0.875076103,0.15883,1005,0.01
0.875076109,0.15882,1005,0.01
0.875076103,0.15881,1005,0.01
0.875076109,0.1588,1005,0.01
0.875078313,0.15879,1004,0.01
0.875078313,0.15878,1004,0.01
0.875076103,0.15877,1004,0.01
0.875078313,0.15876,1004,0.01
0.875076103,0.15875,1004,0.01
0.875078313,0.15874,1004,0.01
0.875076103,0.15873,1003,0.01
0.875045709,0.15872,1003,0.01
0.875078313,0.15871,1003,0.01
0.875076103,0.1587,1003,0.01
0.875031073,0.15869,1003,0.01
0.875076103,0.15868,1003,0.01
0.875078313,0.15867,1002,0.01
0.875078313,0.15866,1002,0.01
0.875078313,0.15865,1002,0.01
0.875078313,0.15864,1002,0.01
0.875076103,0.15863,1001,0.01
0.875076103,0.15862,1001,0.01
0.875078313,0.15861,1001,0.01
0.875076103,0.1586,1001,0.01
0.875078313,0.15859,1001,0.01
0.875076109,0.15858,1000,0.01
0.875076103,0.15857,1000,0.01
0.875031073,0.15856,1000,0.01
0.875076103,0.15855,1000,0.01
0.875076103,0.15854,999,0.01
0.875031066,0.15853,999,0.01
0.875076103,0.15852,999,0.01
0.875076103,0.15851,998,0.01
0.875076103,0.1585,998,0.01
0.875076103,0.15849,998,0.01
0.875076103,0.15848,998,0.01
0.875076103,0.15847,997,0.01
0.875076103,0.15846,997,0.01
0.875076103,0.15845,996,0.01
0.875031066,0.15844,996,0.01
0.875045709,0.15843,996,0.01
0.875031066,0.15842,995,0.01
0.875076103,0.15841,995,0.01
0.875076103,0.1584,995,0.01
0.875076103,0.15839,994,0.01
0.875076103,0.15838,994,0.01
0.875076103,0.15837,994,0.01
0.875076103,0.15836,993,0.01
0.875076103,0.15835,993,0.01
0.875076103,0.15834,992,0.01
0.875076103,0.15833,991,0.01
0.875076103,0.15832,990,0.01
0.875076103,0.15831,989,0.01
0.875045709,0.1583,988,0.01
0.875031066,0.15829,987,0.01
0.875076103,0.15828,985,0.01
0.875076103,0.15827,983,0.01
0.875076103,0.15826,980,0.01
0.875076103,0.15825,976,0.01
0.874941762,0.15824,993,0.01
0.874941762,0.15823,993,0.01
0.874941762,0.15822,993,0.01
0.874941762,0.15821,992,0.01
0.874941762,0.1582,992,0.01
0.874941762,0.15819,991,0.01
0.874941762,0.15818,991,0.01
0.874941762,0.15817,990,0.01
0.874941762,0.15816,989,0.01
0.874941762,0.15815,988,0.01
0.874941762,0.15814,987,0.01
0.874941762,0.15813,986,0.01
0.874941762,0.15812,984,0.01
0.874941762,0.15811,982,0.01
0.874941762,0.1581,976,0.01
0.874842792,0.15809,1006,0.01
0.874844995,0.15808,1006,0.01
0.874844995,0.15807,1006,0.01
0.874844995,0.15806,1006,0.01
0.874844995,0.15805,1006,0.01
0.874844995,0.15804,1006,0.01
0.874844995,0.15803,1006,0.01
0.874844995,0.15802,1006,0.01
0.874842786,0.15801,1006,0.01
0.874844995,0.158,1006,0.01
0.874844995,0.15799,1006,0.01
0.874844995,0.15798,1005,0.01
0.874844995,0.15797,1005,0.01
0.874844995,0.15796,1005,0.01
0.874844995,0.15795,1005,0.01
0.874844995,0.15794,1005,0.01
0.874842786,0.15793,1005,0.01
0.874844995,0.15792,1005,0.01
0.874842786,0.15791,1004,0.01
0.874842786,0.1579,1004,0.01
0.874842786,0.15789,1004,0.01
0.874842786,0.15788,1004,0.01
0.874842792,0.15787,1004,0.01
0.874842786,0.15786,1004,0.01
0.874842786,0.15785,1004,0.01
0.874842786,0.15784,1003,0.01
0.874797773,0.15783,1004,0.01
0.874842786,0.15782,1003,0.01
0.874842786,0.15781,1003,0.01
0.874842786,0.1578,1003,0.01
0.874842786,0.15779,1002,0.01
0.874842786,0.15778,1002,0.01
0.874842786,0.15777,1002,0.01
0.874842786,0.15776,1002,0.01
0.874842786,0.15775,1002,0.01
0.874842786,0.15774,1001,0.01
0.874842786,0.15773,1001,0.01
0.874842786,0.15772,1001,0.01
0.874842786,0.15771,1001,0.01
0.874842786,0.1577,1000,0.01
0.874842786,0.15769,1000,0.01
0.874842786,0.15768,1000,0.01
0.874842786,0.15767,999,0.01
0.874842786,0.15766,999,0.01
0.874842786,0.15765,999,0.01
0.874842786,0.15764,998,0.01
0.874842786,0.15763,997,0.01
0.874842786,0.15762,996,0.01
0.874842786,0.15761,995,0.01
0.874842786,0.1576,993,0.01
0.874842786,0.15759,991,0.01
0.874842786,0.15758,989,0.01
0.874842786,0.15757,984,0.01
0.874708516,0.15756,1000,0.01
0.874708516,0.15755,999,0.01
0.874708516,0.15754,999,0.01
0.874708516,0.15753,999,0.01
0.874708516,0.15752,998,0.01
0.874708516,0.15751,998,0.01
0.874708516,0.1575,998,0.01
0.874708516,0.15749,997,0.01
0.874708516,0.15748,997,0.01
0.874708516,0.15747,996,0.01
0.874708516,0.15746,995,0.01
0.874708516,0.15745,994,0.01
0.874708516,0.15744,992,0.01
0.874708516,0.15743,990,0.01
0.874708516,0.15742,985,0.01
0.873703272,0.15741,1001,0.01
0.873703272,0.1574,1001,0.01
0.873703272,0.15739,1001,0.01
0.873703272,0.15738,1001,0.01
0.873703272,0.15737,1001,0.01
0.873703272,0.15736,1000,0.01
0.873703272,0.15735,1000,0.01
0.873703272,0.15734,1000,0.01
0.873703272,0.15733,999,0.01
0.873703272,0.15732,999,0.01
0.873703272,0.15731,998,0.01
0.873703272,0.1573,997,0.01
0.873703272,0.15729,996,0.01
0.873703272,0.15728,994,0.01
0.873703272,0.15727,993,0.01
0.873703272,0.15726,991,0.01
0.873703272,0.15725,988,0.01
0.873703272,0.15724,982,0.01
0.873569352,0.15723,999,0.01
0.873569352,0.15722,999,0.01
0.873569352,0.15721,999,0.01
0.873569352,0.1572,998,0.01
0.873569352,0.15719,998,0.01
0.873569352,0.15718,998,0.01
0.873569352,0.15717,997,0.01
0.873569352,0.15716,997,0.01
0.873569352,0.15715,996,0.01
0.873569352,0.15714,995,0.01
0.873569352,0.15713,994,0.01
0.873569352,0.15712,993,0.01
0.873569352,0.15711,990,0.01
0.873569352,0.1571,986,0.01
0.872647803,0.15709,1008,0.01
0.872645604,0.15708,1008,0.01
0.872647803,0.15707,1008,0.01
0.872647803,0.15706,1008,0.01
0.872647803,0.15705,1008,0.01
0.872647803,0.15704,1007,0.01
0.872647803,0.15703,1007,0.01
0.872647803,0.15702,1007,0.01
0.872647803,0.15701,1007,0.01
0.872647809,0.157,1007,0.01
0.872647803,0.15699,1007,0.01
0.872645604,0.15698,1007,0.01
0.872645611,0.15697,1007,0.01
0.872647803,0.15696,1007,0.01
0.872645604,0.15695,1007,0.01
0.872647803,0.15694,1007,0.01
0.872645611,0.15693,1007,0.01
0.872647809,0.15692,1007,0.01
0.872647803,0.15691,1007,0.01
0.872647803,0.1569,1006,0.01
0.872647803,0.15689,1006,0.01
0.872647803,0.15688,1006,0.01
0.872647803,0.15687,1006,0.01
0.872645604,0.15686,1006,0.01
0.872647803,0.15685,1006,0.01
0.872647803,0.15684,1006,0.01
0.872647803,0.15683,1006,0.01
0.872647803,0.15682,1006,0.01
0.872647803,0.15681,1006,0.01
0.872647803,0.1568,1006,0.01
0.872645604,0.15679,1006,0.01
0.872647803,0.15678,1006,0.01
0.872647803,0.15677,1006,0.01
0.872600824,0.15676,1005,0.01
0.872645611,0.15675,1005,0.01
0.872647803,0.15674,1005,0.01
0.872600818,0.15673,1005,0.01
0.872647803,0.15672,1005,0.01
0.872647803,0.15671,1005,0.01
0.872645611,0.1567,1005,0.01
0.872647803,0.15669,1005,0.01
0.872647803,0.15668,1005,0.01
0.872647803,0.15667,1005,0.01
0.872647803,0.15666,1005,0.01
0.872647803,0.15665,1005,0.01
0.872647803,0.15664,1004,0.01
0.872647803,0.15663,1004,0.01
0.872647803,0.15662,1004,0.01
0.872645611,0.15661,1004,0.01
0.872647803,0.1566,1004,0.01
0.872600818,0.15659,1004,0.01
0.872645604,0.15658,1004,0.01
0.872647803,0.15657,1004,0.01
0.872647803,0.15656,1004,0.01
0.872647803,0.15655,1004,0.01
0.872647803,0.15654,1003,0.01
0.872645604,0.15653,1003,0.01
0.872610984,0.15652,1003,0.01
0.872645604,0.15651,1003,0.01
0.872645604,0.1565,1003,0.01
0.872645604,0.15649,1003,0.01
0.872645604,0.15648,1003,0.01
0.872645604,0.15647,1003,0.01
0.872610984,0.15646,1003,0.01
0.872645604,0.15645,1003,0.01
0.872645604,0.15644,1002,0.01
0.872645604,0.15643,1002,0.01
0.872645604,0.15642,1002,0.01
0.872645604,0.15641,1002,0.01
0.872645604,0.1564,1001,0.01
0.872645604,0.15639,1001,0.01
0.872645604,0.15638,1001,0.01
0.872645604,0.15637,1001,0.01
0.872645604,0.15636,1001,0.01
0.872645604,0.15635,1000,0.01
0.872645604,0.15634,1000,0.01
0.872645604,0.15633,1000,0.01
0.872645604,0.15632,1000,0.01
0.872645604,0.15631,999,0.01
0.872645604,0.1563,998,0.01
0.872645604,0.15629,997,0.01
0.872645604,0.15628,996,0.01
0.872645604,0.15627,993,0.01
0.872600818,0.15626,990,0.01
0.872645604,0.15625,984,0.01
0.871513996,0.15624,1008,0.01
0.871513996,0.15623,1008,0.01
0.871514003,0.15622,1008,0.01
0.871511804,0.15621,1008,0.01
0.871514003,0.1562,1008,0.01
0.871513996,0.15619,1008,0.01
0.871514003,0.15618,1007,0.01
0.871513996,0.15617,1007,0.01
0.871513996,0.15616,1007,0.01
0.871513996,0.15615,1007,0.01
0.871514003,0.15614,1007,0.01
0.871513996,0.15613,1007,0.01
0.871513996,0.15612,1007,0.01
0.87151181,0.15611,1007,0.01
0.871514003,0.1561,1007,0.01
0.871513996,0.15609,1007,0.01
0.871513996,0.15608,1007,0.01
0.871513996,0.15607,1007,0.01
0.871511804,0.15606,1007,0.01
0.871513996,0.15605,1007,0.01
0.871513996,0.15604,1006,0.01
0.871513996,0.15603,1006,0.01
0.871513996,0.15602,1006,0.01
0.871513996,0.15601,1006,0.01
0.871511804,0.156,1006,0.01
0.871513996,0.15599,1006,0.01
0.871511804,0.15598,1006,0.01
0.871513996,0.15597,1006,0.01
0.871513996,0.15596,1006,0.01
0.871513996,0.15595,1006,0.01
0.871511804,0.15594,1006,0.01
0.871513996,0.15593,1006,0.01
0.871513996,0.15592,1006,0.01
0.871513996,0.15591,1006,0.01
0.871513996,0.1559,1005,0.01
0.871513996,0.15589,1005,0.01
0.871513996,0.15588,1005,0.01
0.871513996,0.15587,1005,0.01
0.871513996,0.15586,1005,0.01
0.871513996,0.15585,1005,0.01
0.871513996,0.15584,1005,0.01
0.871513996,0.15583,1005,0.01
0.871513996,0.15582,1005,0.01
0.871513996,0.15581,1005,0.01
0.871513996,0.1558,1005,0.01
0.871511804,0.15579,1005,0.01
0.871513996,0.15578,1004,0.01
0.871513996,0.15577,1004,0.01
0.871513996,0.15576,1004,0.01
0.871513996,0.15575,1004,0.01
0.871511804,0.15574,1004,0.01
0.871467133,0.15573,1004,0.01
0.871513996,0.15572,1004,0.01
0.871513996,0.15571,1004,0.01
0.871513996,0.1557,1004,0.01
0.871513996,0.15569,1004,0.01
0.871513996,0.15568,1003,0.01
0.871511804,0.15567,1003,0.01
0.871511804,0.15566,1003,0.01
0.871511804,0.15565,1003,0.01
0.871511804,0.15564,1003,0.01
0.871511804,0.15563,1003,0.01
0.871511804,0.15562,1003,0.01
0.871511804,0.15561,1003,0.01
0.871511804,0.1556,1003,0.01
0.871511804,0.15559,1003,0.01
0.871511804,0.15558,1002,0.01
0.871511804,0.15557,1002,0.01
0.871511804,0.15556,1002,0.01
0.871511804,0.15555,1002,0.01
0.871511804,0.15554,1001,0.01
0.871511804,0.15553,1001,0.01
0.871511804,0.15552,1001,0.01
0.871511804,0.15551,1001,0.01
0.871511804,0.1555,1001,0.01
0.871511804,0.15549,1000,0.01
0.871511804,0.15548,1000,0.01
0.871511804,0.15547,1000,0.01
0.871511804,0.15546,1000,0.01
0.871511804,0.15545,999,0.01
0.871511804,0.15544,998,0.01
0.871511804,0.15543,997,0.01
0.871511804,0.15542,996,0.01
0.871511804,0.15541,993,0.01
0.871511804,0.1554,989,0.01
0.871511804,0.15539,983,0.01
0.870980086,0.15538,1013,0.01
0.87093547,0.15537,1013,0.01
0.870979276,0.15536,1013,0.01
0.870982276,0.15535,1013,0.01
0.870982276,0.15534,1013,0.01
0.870982276,0.15533,1013,0.01
0.870980468,0.15532,1013,0.01
0.870982276,0.15531,1013,0.01
0.870982276,0.1553,1013,0.01
0.870982276,0.15529,1013,0.01
0.870982276,0.15528,1013,0.01
0.870980086,0.15527,1013,0.01
0.870979276,0.15526,1013,0.01
0.870980086,0.15525,1013,0.01
0.870981466,0.15524,1013,0.01
0.870981466,0.15523,1013,0.01
0.870982276,0.15522,1013,0.01
0.870980086,0.15521,1013,0.01
0.870982276,0.1552,1013,0.01
0.870980086,0.15519,1013,0.01
0.87098146,0.15518,1013,0.01
0.87098146,0.15517,1013,0.01
0.870982276,0.15516,1013,0.01
0.870982276,0.15515,1013,0.01
0.870982276,0.15514,1013,0.01
0.870982283,0.15513,1013,0.01
0.87098146,0.15512,1013,0.01
0.870978279,0.15511,1013,0.01
0.87098146,0.1551,1013,0.01
0.870982283,0.15509,1013,0.01
0.87093547,0.15508,1013,0.01
0.870982276,0.15507,1013,0.01
0.87098146,0.15506,1013,0.01
0.870980086,0.15505,1013,0.01
0.870981466,0.15504,1013,0.01
0.87098146,0.15503,1013,0.01
0.870981466,0.15502,1013,0.01
0.87098146,0.15501,1013,0.01
0.870982276,0.155,1013,0.01
0.870981466,0.15499,1013,0.01
0.87098146,0.15498,1013,0.01
0.87098146,0.15497,1013,0.01
0.87098146,0.15496,1013,0.01
0.870980086,0.15495,1013,0.01
0.87098146,0.15494,1013,0.01
0.870979276,0.15493,1013,0.01
0.870980086,0.15492,1013,0.01
0.870982276,0.15491,1012,0.01
0.87097927,0.1549,1012,0.01
0.870980086,0.15489,1012,0.01
0.870982276,0.15488,1012,0.01
0.87098146,0.15487,1012,0.01
0.870982276,0.15486,1012,0.01
0.870980086,0.15485,1012,0.01
0.870979276,0.15484,1012,0.01
0.87097927,0.15483,1012,0.01
0.870980086,0.15482,1012,0.01
0.87098146,0.15481,1012,0.01
0.87097927,0.1548,1012,0.01
0.87098146,0.15479,1012,0.01
0.87098146,0.15478,1012,0.01
0.87097927,0.15477,1012,0.01
0.87098146,0.15476,1012,0.01
0.870982276,0.15475,1012,0.01
0.87098146,0.15474,1012,0.01
0.870980086,0.15473,1012,0.01
0.87097927,0.15472,1012,0.01
0.870982276,0.15471,1012,0.01
0.87098146,0.1547,1012,0.01
0.87098146,0.15469,1012,0.01
0.870980086,0.15468,1012,0.01
0.870945597,0.15467,1012,0.01
0.87097927,0.15466,1012,0.01
0.870981466,0.15465,1012,0.01
0.870980086,0.15464,1012,0.01
0.870980086,0.15463,1012,0.01
0.87098146,0.15462,1012,0.01
0.870980086,0.15461,1012,0.01
0.870980086,0.1546,1012,0.01
0.87098146,0.15459,1012,0.01
0.87098146,0.15458,1011,0.01
0.870981466,0.15457,1011,0.01
0.870980086,0.15456,1011,0.01
0.87098146,0.15455,1011,0.01
0.87098146,0.15454,1011,0.01
0.87097927,0.15453,1011,0.01
0.87097927,0.15452,1011,0.01
0.87098146,0.15451,1011,0.01
0.87098146,0.1545,1011,0.01
0.87098146,0.15449,1011,0.01
0.87097927,0.15448,1011,0.01
0.870981466,0.15447,1011,0.01
0.870980086,0.15446,1011,0.01
0.87098146,0.15445,1011,0.01
0.87098146,0.15444,1011,0.01
0.870980086,0.15443,1011,0.01
0.87098146,0.15442,1011,0.01
0.87097927,0.15441,1011,0.01
0.87098146,0.1544,1011,0.01
0.87098146,0.15439,1011,0.01
0.87097927,0.15438,1011,0.01
0.87098146,0.15437,1011,0.01
0.87098146,0.15436,1011,0.01
0.87097927,0.15435,1011,0.01
0.87098146,0.15434,1011,0.01
0.870980086,0.15433,1011,0.01
0.87098146,0.15432,1011,0.01
0.870981466,0.15431,1011,0.01
0.87098146,0.1543,1011,0.01
0.87098146,0.15429,1010,0.01
0.87098146,0.15428,1010,0.01
0.87098146,0.15427,1010,0.01
0.870980086,0.15426,1010,0.01
0.870980086,0.15425,1010,0.01
0.87098146,0.15424,1010,0.01
0.870979276,0.15423,1010,0.01
0.870981466,0.15422,1010,0.01
0.87098146,0.15421,1010,0.01
0.87098146,0.1542,1010,0.01
0.87098146,0.15419,1010,0.01
0.870981466,0.15418,1010,0.01
0.87097927,0.15417,1010,0.01
0.87098146,0.15416,1010,0.01
0.87098146,0.15415,1010,0.01
0.870979276,0.15414,1010,0.01
0.87097927,0.15413,1010,0.01
0.87098146,0.15412,1010,0.01
0.87097927,0.15411,1010,0.01
0.87098146,0.1541,1010,0.01
0.87098146,0.15409,1010,0.01
0.87097927,0.15408,1010,0.01
0.870979276,0.15407,1010,0.01
0.87097927,0.15406,1010,0.01
0.87098146,0.15405,1010,0.01
0.87097927,0.15404,1010,0.01
0.87097927,0.15403,1009,0.01
0.870981466,0.15402,1009,0.01
0.870981466,0.15401,1009,0.01
0.87098146,0.154,1009,0.01
0.87098146,0.15399,1009,0.01
0.87098146,0.15398,1009,0.01
0.87098146,0.15397,1009,0.01
0.87097927,0.15396,1009,0.01
0.870979276,0.15395,1009,0.01
0.87098146,0.15394,1009,0.01
0.87097927,0.15393,1009,0.01
0.87098146,0.15392,1009,0.01
0.87098146,0.15391,1009,0.01
0.870934654,0.1539,1009,0.01
0.870981466,0.15389,1009,0.01
0.87097927,0.15388,1009,0.01
0.87098146,0.15387,1009,0.01
0.87098146,0.15386,1009,0.01
0.870979276,0.15385,1009,0.01
0.87098146,0.15384,1009,0.01
0.87097927,0.15383,1008,0.01
0.870980462,0.15382,1008,0.01
0.870981466,0.15381,1008,0.01
0.87098146,0.1538,1008,0.01
0.870979276,0.15379,1008,0.01
0.87098146,0.15378,1008,0.01
0.87098146,0.15377,1008,0.01
0.87098146,0.15376,1008,0.01
0.87097927,0.15375,1008,0.01
0.870979276,0.15374,1008,0.01
0.87098146,0.15373,1008,0.01
0.87098146,0.15372,1008,0.01
0.87098146,0.15371,1008,0.01
0.87097927,0.1537,1008,0.01
0.87097927,0.15369,1007,0.01
0.87098146,0.15368,1007,0.01
0.87097927,0.15367,1007,0.01
0.87097927,0.15366,1007,0.01
0.87097927,0.15365,1007,0.01
0.87098146,0.15364,1007,0.01
0.87098146,0.15363,1007,0.01
0.87098146,0.15362,1007,0.01
0.870981466,0.15361,1007,0.01
0.87097927,0.1536,1007,0.01
0.87097927,0.15359,1007,0.01
0.87097489,0.15358,1007,0.01
0.87098146,0.15357,1006,0.01
0.87097927,0.15356,1006,0.01
0.87097927,0.15355,1006,0.01
0.87097927,0.15354,1006,0.01
0.87097927,0.15353,1006,0.01
0.87098146,0.15352,1006,0.01
0.87097927,0.15351,1006,0.01
0.870978272,0.1535,1006,0.01
0.87097927,0.15349,1006,0.01
0.87097927,0.15348,1006,0.01
0.87098146,0.15347,1005,0.01
0.87097927,0.15346,1005,0.01
0.87098146,0.15345,1005,0.01
0.87098146,0.15344,1005,0.01
0.87097927,0.15343,1005,0.01
0.87098146,0.15342,1005,0.01
0.870944781,0.15341,1005,0.01
0.87097927,0.1534,1004,0.01
0.87097927,0.15339,1004,0.01
0.87097927,0.15338,1004,0.01
0.87098146,0.15337,1004,0.01
0.87098146,0.15336,1004,0.01
0.87097927,0.15335,1003,0.01
0.870979276,0.15334,1003,0.01
0.87098146,0.15333,1003,0.01
0.87098146,0.15332,1003,0.01
0.87098146,0.15331,1003,0.01
0.87098146,0.1533,1002,0.01
0.870980462,0.15329,1002,0.01
0.87098146,0.15328,1002,0.01
0.87098146,0.15327,1002,0.01
0.870944788,0.15326,1001,0.01
0.87097927,0.15325,1001,0.01
0.87098146,0.15324,1001,0.01
0.87097927,0.15323,1001,0.01
0.87097927,0.15322,1000,0.01
0.87097927,0.15321,1000,0.01
0.87097927,0.1532,1000,0.01
0.87097927,0.15319,1000,0.01
0.87097927,0.15318,999,0.01
0.87097927,0.15317,999,0.01
0.87097927,0.15316,999,0.01
0.87097927,0.15315,999,0.01
0.87097927,0.15314,998,0.01
0.87097927,0.15313,998,0.01
0.87097927,0.15312,998,0.01
0.870933656,0.15311,998,0.01
0.87097927,0.1531,997,0.01
0.87097927,0.15309,997,0.01
0.87097927,0.15308,997,0.01
0.87097927,0.15307,996,0.01
0.87097927,0.15306,996,0.01
0.87097927,0.15305,995,0.01
0.87097927,0.15304,995,0.01
0.87097927,0.15303,995,0.01
0.87097927,0.15302,994,0.01
0.87097927,0.15301,994,0.01
0.87097927,0.153,993,0.01
0.87097927,0.15299,993,0.01
0.87097927,0.15298,992,0.01
0.87097927,0.15297,991,0.01
0.87097927,0.15296,991,0.01
0.87097927,0.15295,990,0.01
0.87097927,0.15294,989,0.01
0.87097927,0.15293,988,0.01
0.87097927,0.15292,985,0.01
0.870750321,0.15291,1013,0.01
0.870750321,0.1529,1013,0.01
0.870751143,0.15289,1013,0.01
0.870751137,0.15288,1013,0.01
0.870748948,0.15287,1013,0.01
0.870750327,0.15286,1013,0.01
0.870751143,0.15285,1013,0.01
0.870751143,0.15284,1013,0.01
0.870751143,0.15283,1013,0.01
0.870748132,0.15282,1013,0.01
0.870750321,0.15281,1013,0.01
0.870750321,0.1528,1013,0.01
0.870751137,0.15279,1013,0.01
0.870748139,0.15278,1013,0.01
0.870750321,0.15277,1013,0.01
0.870751137,0.15276,1013,0.01
0.870748132,0.15275,1013,0.01
0.870750321,0.15274,1013,0.01
0.870750321,0.15273,1013,0.01
0.870751137,0.15272,1013,0.01
0.870750321,0.15271,1013,0.01
0.870750327,0.1527,1013,0.01
0.870750321,0.15269,1012,0.01
0.870750321,0.15268,1012,0.01
0.870750321,0.15267,1012,0.01
0.870748948,0.15266,1012,0.01
0.870748139,0.15265,1012,0.01
0.870750321,0.15264,1012,0.01
0.870750327,0.15263,1012,0.01
0.870750321,0.15262,1012,0.01
0.870748948,0.15261,1012,0.01
0.870751137,0.1526,1012,0.01
0.870751137,0.15259,1012,0.01
0.870751137,0.15258,1012,0.01
0.870748948,0.15257,1012,0.01
0.870750327,0.15256,1012,0.01
0.870751137,0.15255,1012,0.01
0.870751137,0.15254,1012,0.01
0.870749777,0.15253,1012,0.01
0.870751137,0.15252,1012,0.01
0.870748948,0.15251,1012,0.01
0.870750321,0.1525,1012,0.01
0.870750321,0.15249,1012,0.01
0.870748139,0.15248,1012,0.01
0.870750327,0.15247,1012,0.01
0.870750321,0.15246,1012,0.01
0.870713668,0.15245,1012,0.01
0.870750321,0.15244,1012,0.01
0.870750321,0.15243,1012,0.01
0.870750321,0.15242,1012,0.01
0.870748132,0.15241,1012,0.01
0.870748139,0.1524,1012,0.01
0.870750321,0.15239,1012,0.01
0.870748132,0.15238,1012,0.01
0.870748948,0.15237,1012,0.01
0.870750321,0.15236,1011,0.01
0.870750327,0.15235,1011,0.01
0.870750327,0.15234,1011,0.01
0.870750321,0.15233,1011,0.01
0.870750327,0.15232,1011,0.01
0.870750321,0.15231,1011,0.01
0.870748139,0.1523,1011,0.01
0.870748132,0.15229,1011,0.01
0.870748132,0.15228,1011,0.01
0.870750321,0.15227,1011,0.01
0.870713662,0.15226,1011,0.01
0.870748132,0.15225,1011,0.01
0.870750321,0.15224,1011,0.01
0.870748132,0.15223,1011,0.01
0.870713662,0.15222,1011,0.01
0.870750321,0.15221,1011,0.01
0.870748132,0.1522,1011,0.01
0.870713668,0.15219,1011,0.01
0.870748139,0.15218,1011,0.01
0.870750321,0.15217,1011,0.01
0.870748132,0.15216,1011,0.01
0.870748132,0.15215,1011,0.01
0.870750321,0.15214,1011,0.01
0.870750321,0.15213,1011,0.01
0.870748132,0.15212,1011,0.01
0.870750321,0.15211,1011,0.01
0.870748139,0.1521,1011,0.01
0.870748139,0.15209,1011,0.01
0.870750321,0.15208,1011,0.01
0.870750321,0.15207,1010,0.01
0.870750327,0.15206,1010,0.01
0.870748139,0.15205,1010,0.01
0.870748139,0.15204,1010,0.01
0.870750321,0.15203,1010,0.01
0.870750321,0.15202,1010,0.01
0.870750321,0.15201,1010,0.01
0.870748132,0.152,1010,0.01
0.870748139,0.15199,1010,0.01
0.870750321,0.15198,1010,0.01
0.870713668,0.15197,1010,0.01
0.870750321,0.15196,1010,0.01
0.870748132,0.15195,1010,0.01
0.870747595,0.15194,1010,0.01
0.870748139,0.15193,1010,0.01
0.870713662,0.15192,1010,0.01
0.870750327,0.15191,1010,0.01
0.870748132,0.1519,1010,0.01
0.870750321,0.15189,1010,0.01
0.870748132,0.15188,1010,0.01
0.870748132,0.15187,1010,0.01
0.870748132,0.15186,1010,0.01
0.870750321,0.15185,1010,0.01
0.870750321,0.15184,1010,0.01
0.870750321,0.15183,1010,0.01
0.870748132,0.15182,1010,0.01
0.870750321,0.15181,1009,0.01
0.870750321,0.1518,1009,0.01
0.870750321,0.15179,1009,0.01
0.870750321,0.15178,1009,0.01
0.87070354,0.15177,1009,0.01
0.870750321,0.15176,1009,0.01
0.870750321,0.15175,1009,0.01
0.870748132,0.15174,1009,0.01
0.870750321,0.15173,1009,0.01
0.870748132,0.15172,1009,0.01
0.870748139,0.15171,1009,0.01
0.870750321,0.1517,1009,0.01
0.870748132,0.15169,1009,0.01
0.870748132,0.15168,1009,0.01
0.870750321,0.15167,1009,0.01
0.870748132,0.15166,1009,0.01
0.870748132,0.15165,1009,0.01
0.870750327,0.15164,1009,0.01
0.870748132,0.15163,1009,0.01
0.870748132,0.15162,1008,0.01
0.870748132,0.15161,1008,0.01
0.870750321,0.1516,1008,0.01
0.870750321,0.15159,1008,0.01
0.870748132,0.15158,1008,0.01
0.870748132,0.15157,1008,0.01
0.870748132,0.15156,1008,0.01
0.870750321,0.15155,1008,0.01
0.870748132,0.15154,1008,0.01
0.87070354,0.15153,1008,0.01
0.870748132,0.15152,1008,0.01
0.870713662,0.15151,1008,0.01
0.870748132,0.1515,1008,0.01
0.870748132,0.15149,1008,0.01
0.870748132,0.15148,1007,0.01
0.870748132,0.15147,1007,0.01
0.870748139,0.15146,1007,0.01
0.870748132,0.15145,1007,0.01
0.870748132,0.15144,1007,0.01
0.870748132,0.15143,1007,0.01
0.870748132,0.15142,1007,0.01
0.870750321,0.15141,1007,0.01
0.870750321,0.1514,1007,0.01
0.870748132,0.15139,1007,0.01
0.870748132,0.15138,1007,0.01
0.870748132,0.15137,1007,0.01
0.870748132,0.15136,1006,0.01
0.870748132,0.15135,1006,0.01
0.870748132,0.15134,1006,0.01
0.870750321,0.15133,1006,0.01
0.870748132,0.15132,1006,0.01
0.870750321,0.15131,1006,0.01
0.870750321,0.1513,1006,0.01
0.870748132,0.15129,1006,0.01
0.870749777,0.15128,1006,0.01
0.870750321,0.15127,1006,0.01
0.870748132,0.15126,1005,0.01
0.870748132,0.15125,1005,0.01
0.870748132,0.15124,1005,0.01
0.87070354,0.15123,1005,0.01
0.870748132,0.15122,1005,0.01
0.870748132,0.15121,1004,0.01
0.870747588,0.1512,1004,0.01
0.870748132,0.15119,1004,0.01
0.870748132,0.15118,1004,0.01
0.870748132,0.15117,1003,0.01
0.870748132,0.15116,1003,0.01
0.870748132,0.15115,1003,0.01
0.870748132,0.15114,1003,0.01
0.870748132,0.15113,1003,0.01
0.870748132,0.15112,1002,0.01
0.870748132,0.15111,1002,0.01
0.870748132,0.1511,1002,0.01
0.870748132,0.15109,1002,0.01
0.870748132,0.15108,1001,0.01
0.870748132,0.15107,1001,0.01
0.870748132,0.15106,1001,0.01
0.870748132,0.15105,1001,0.01
0.870748132,0.15104,1000,0.01
0.870748132,0.15103,1000,0.01
0.870748132,0.15102,1000,0.01
0.870748132,0.15101,1000,0.01
0.870748132,0.151,999,0.01
0.870748132,0.15099,999,0.01
0.870748132,0.15098,999,0.01
0.870748132,0.15097,998,0.01
0.870748132,0.15096,998,0.01
0.870748132,0.15095,997,0.01
0.87070354,0.15094,997,0.01
0.870748132,0.15093,996,0.01
0.870748132,0.15092,995,0.01
0.870748132,0.15091,994,0.01
0.870748132,0.1509,993,0.01
0.870748132,0.15089,991,0.01
0.869619254,0.15088,1004,0.01
0.869619254,0.15087,1004,0.01
0.86961926,0.15086,1004,0.01
0.869619254,0.15085,1003,0.01
0.869619254,0.15084,1003,0.01
0.869619254,0.15083,1003,0.01
0.869619254,0.15082,1003,0.01
0.869619254,0.15081,1003,0.01
0.869619254,0.1508,1002,0.01
0.869619254,0.15079,1002,0.01
0.869619254,0.15078,1002,0.01
0.869619254,0.15077,1002,0.01
0.869619254,0.15076,1001,0.01
0.869619254,0.15075,1001,0.01
0.869618259,0.15074,1001,0.01
0.869619254,0.15073,1001,0.01
0.869619254,0.15072,1000,0.01
0.869619254,0.15071,1000,0.01
0.869619254,0.1507,1000,0.01
0.869584873,0.15069,1000,0.01
0.869619254,0.15068,999,0.01
0.869619254,0.15067,999,0.01
0.869619254,0.15066,999,0.01
0.869619254,0.15065,998,0.01
0.869619254,0.15064,998,0.01
0.869619254,0.15063,997,0.01
0.869619254,0.15062,997,0.01
0.869619254,0.15061,996,0.01
0.869619254,0.1506,995,0.01
0.869619254,0.15059,994,0.01
0.869619254,0.15058,993,0.01
0.869619254,0.15057,991,0.01
0.867280468,0.15056,1006,0.01
0.867280468,0.15055,1006,0.01
0.867280468,0.15054,1006,0.01
0.867280468,0.15053,1005,0.01
0.867280468,0.15052,1005,0.01
0.867278297,0.15051,1005,0.01
0.867280468,0.1505,1005,0.01
0.867278297,0.15049,1005,0.01
0.867278303,0.15048,1005,0.01
0.867278297,0.15047,1004,0.01
0.867278297,0.15046,1004,0.01
0.867278297,0.15045,1004,0.01
0.867278297,0.15044,1004,0.01
0.867278297,0.15043,1003,0.01
0.867278297,0.15042,1003,0.01
0.867278297,0.15041,1003,0.01
0.867278297,0.1504,1003,0.01
0.867278297,0.15039,1002,0.01
0.867278297,0.15038,1002,0.01
0.867278297,0.15037,1002,0.01
0.867278297,0.15036,1002,0.01
0.867278297,0.15035,1001,0.01
0.867278297,0.15034,1001,0.01
0.867278297,0.15033,1001,0.01
0.867278297,0.15032,1000,0.01
0.867278297,0.15031,1000,0.01
0.867278297,0.1503,1000,0.01
0.867278297,0.15029,1000,0.01
0.867278297,0.15028,999,0.01
0.867278297,0.15027,999,0.01
0.867278297,0.15026,998,0.01
0.867234059,0.15025,998,0.01
0.867278297,0.15024,997,0.01
0.867278297,0.15023,997,0.01
0.867278297,0.15022,996,0.01
0.867278297,0.15021,995,0.01
0.867278297,0.1502,994,0.01
0.867278297,0.15019,992,0.01
0.867278297,0.15018,987,0.01
0.865626513,0.15017,1007,0.01
0.865626513,0.15016,1007,0.01
0.86562435,0.15015,1007,0.01
0.865626513,0.15014,1007,0.01
0.865626513,0.15013,1007,0.01
0.865626513,0.15012,1007,0.01
0.865626513,0.15011,1007,0.01
0.865626513,0.1501,1007,0.01
0.86562435,0.15009,1007,0.01
0.865626513,0.15008,1006,0.01
0.865624357,0.15007,1006,0.01
0.86562435,0.15006,1006,0.01
0.86562435,0.15005,1006,0.01
0.86562435,0.15004,1006,0.01
0.865626513,0.15003,1006,0.01
0.865626513,0.15002,1006,0.01
0.865624357,0.15001,1006,0.01
0.865624357,0.15,1005,0.01
0.865626513,0.14999,1005,0.01
0.86562435,0.14998,1005,0.01
0.865625528,0.14997,1005,0.01
0.86562435,0.14996,1005,0.01
0.86562435,0.14995,1004,0.01
0.86562435,0.14994,1004,0.01
0.86562435,0.14993,1004,0.01
0.86562435,0.14992,1004,0.01
0.86562435,0.14991,1004,0.01
0.86562435,0.1499,1003,0.01
0.865580281,0.14989,1003,0.01
0.86562435,0.14988,1003,0.01
0.86562435,0.14987,1003,0.01
0.86562435,0.14986,1002,0.01
0.86562435,0.14985,1002,0.01
0.86562435,0.14984,1002,0.01
0.86562435,0.14983,1002,0.01
0.86562435,0.14982,1001,0.01
0.86562435,0.14981,1001,0.01
0.86562435,0.1498,1001,0.01
0.86562435,0.14979,1000,0.01
0.86562435,0.14978,1000,0.01
0.86562435,0.14977,1000,0.01
0.86562435,0.14976,999,0.01
0.86562435,0.14975,999,0.01
0.86562435,0.14974,999,0.01
0.86562435,0.14973,998,0.01
0.86562435,0.14972,998,0.01
0.86562435,0.14971,997,0.01
0.86562435,0.1497,996,0.01
0.86562435,0.14969,996,0.01
0.86562435,0.14968,995,0.01
0.86562435,0.14967,993,0.01
0.86562435,0.14966,991,0.01
0.86562435,0.14965,980,0.01
0.865496032,0.14964,1010,0.01
0.865496032,0.14963,1010,0.01
0.865496032,0.14962,1010,0.01
0.865496032,0.14961,1010,0.01
0.865496032,0.1496,1010,0.01
0.865496032,0.14959,1010,0.01
0.865496032,0.14958,1010,0.01
0.865496032,0.14957,1010,0.01
0.865496032,0.14956,1010,0.01
0.865496032,0.14955,1010,0.01
0.865496032,0.14954,1010,0.01
0.86549387,0.14953,1010,0.01
0.865496032,0.14952,1010,0.01
0.865496032,0.14951,1010,0.01
0.86549387,0.1495,1009,0.01
0.865496032,0.14949,1009,0.01
0.865493876,0.14948,1009,0.01
0.865496032,0.14947,1009,0.01
0.865496032,0.14946,1009,0.01
0.865496032,0.14945,1009,0.01
0.865495385,0.14944,1009,0.01
0.865496032,0.14943,1009,0.01
0.865496032,0.14942,1009,0.01
0.865496032,0.14941,1009,0.01
0.865496039,0.1494,1009,0.01
0.865496032,0.14939,1009,0.01
0.865496032,0.14938,1009,0.01
0.865496032,0.14937,1009,0.01
0.865496032,0.14936,1009,0.01
0.86549387,0.14935,1009,0.01
0.86549387,0.14934,1009,0.01
0.865493222,0.14933,1008,0.01
0.865496032,0.14932,1008,0.01
0.86549387,0.14931,1008,0.01
0.865496032,0.1493,1008,0.01
0.86549387,0.14929,1008,0.01
0.865496032,0.14928,1008,0.01
0.865496032,0.14927,1008,0.01
0.86549387,0.14926,1008,0.01
0.865496032,0.14925,1008,0.01
0.865495385,0.14924,1008,0.01
0.865496032,0.14923,1008,0.01
0.865496032,0.14922,1008,0.01
0.865496032,0.14921,1008,0.01
0.86549387,0.1492,1007,0.01
0.865496032,0.14919,1007,0.01
0.865496032,0.14918,1007,0.01
0.865496032,0.14917,1007,0.01
0.865496032,0.14916,1007,0.01
0.86549387,0.14915,1007,0.01
0.865496032,0.14914,1007,0.01
0.86549387,0.14913,1007,0.01
0.865493222,0.14912,1007,0.01
0.865496032,0.14911,1007,0.01
0.86549387,0.1491,1007,0.01
0.865496032,0.14909,1007,0.01
0.865496032,0.14908,1006,0.01
0.86549387,0.14907,1006,0.01
0.86549387,0.14906,1006,0.01
0.86549387,0.14905,1006,0.01
0.865493332,0.14904,1006,0.01
0.865496032,0.14903,1006,0.01
0.86549387,0.14902,1006,0.01
0.865496032,0.14901,1006,0.01
0.865496032,0.149,1006,0.01
0.865495385,0.14899,1006,0.01
0.865496032,0.14898,1005,0.01
0.865496032,0.14897,1005,0.01
0.865493222,0.14896,1005,0.01
0.865496032,0.14895,1005,0.01
0.865449167,0.14894,1005,0.01
0.86549387,0.14893,1005,0.01
0.86549387,0.14892,1004,0.01
0.86549387,0.14891,1004,0.01
0.86549387,0.1489,1004,0.01
0.86549387,0.14889,1004,0.01
0.86549387,0.14888,1003,0.01
0.86549387,0.14887,1003,0.01
0.86549387,0.14886,1003,0.01
0.86549387,0.14885,1003,0.01
0.86549387,0.14884,1002,0.01
0.865493222,0.14883,1002,0.01
0.86549387,0.14882,1002,0.01
0.86549387,0.14881,1001,0.01
0.86549387,0.1488,1001,0.01
0.86549387,0.14879,1001,0.01
0.86549387,0.14878,1001,0.01
0.865493222,0.14877,1000,0.01
0.86549387,0.14876,1000,0.01
0.86549387,0.14875,999,0.01
0.86549387,0.14874,999,0.01
0.86549387,0.14873,999,0.01
0.86549387,0.14872,998,0.01
0.86549387,0.14871,998,0.01
0.86549387,0.1487,997,0.01
0.86549387,0.14869,996,0.01
0.86549387,0.14868,995,0.01
0.86549387,0.14867,994,0.01
0.86549387,0.14866,993,0.01
0.86549387,0.14865,990,0.01
0.86549387,0.14864,986,0.01
0.863627338,0.14863,1003,0.01
0.863627338,0.14862,1003,0.01
0.863627338,0.14861,1003,0.01
0.863627338,0.1486,1002,0.01
0.863627338,0.14859,1002,0.01
0.863627338,0.14858,1002,0.01
0.863627338,0.14857,1001,0.01
0.863627338,0.14856,1001,0.01
0.863627338,0.14855,1001,0.01
0.863627338,0.14854,1000,0.01
0.863627338,0.14853,1000,0.01
0.863626694,0.14852,999,0.01
0.863627338,0.14851,999,0.01
0.863627338,0.1485,998,0.01
0.863627338,0.14849,998,0.01
0.863627338,0.14848,997,0.01
0.863626694,0.14847,996,0.01
0.863627338,0.14846,995,0.01
0.863627338,0.14845,994,0.01
0.863626694,0.14844,993,0.01
0.863626357,0.14843,989,0.01
0.859310953,0.14842,995,0.01
0.859310953,0.14841,994,0.01
0.859310953,0.1484,992,0.01
0.859310953,0.14839,988,0.01
0.85739073,0.14838,991,0.01
0.85739073,0.14837,985,0.01
0.854453344,0.14836,989,0.01
0.851732004,0.14835,996,0.01
0.851732004,0.14834,995,0.01
0.851732004,0.14833,994,0.01
0.851732004,0.14832,993,0.01
0.851732004,0.14831,991,0.01
0.849488319,0.1483,1006,0.01
0.849486235,0.14829,1006,0.01
0.849486235,0.14828,1006,0.01
0.849486235,0.14827,1006,0.01
0.849486235,0.14826,1006,0.01
0.849486235,0.14825,1005,0.01
0.849486235,0.14824,1005,0.01
0.849486235,0.14823,1005,0.01
0.849486235,0.14822,1005,0.01
0.849486235,0.14821,1004,0.01
0.849486235,0.1482,1004,0.01
0.849486235,0.14819,1004,0.01
0.849482069,0.14818,1004,0.01
0.849486235,0.14817,1004,0.01
0.849486235,0.14816,1003,0.01
0.849486235,0.14815,1003,0.01
0.849486235,0.14814,1003,0.01
0.849486235,0.14813,1003,0.01
0.849486235,0.14812,1002,0.01
0.849486235,0.14811,1002,0.01
0.849486235,0.1481,1001,0.01
0.849486235,0.14809,1001,0.01
0.849486235,0.14808,1000,0.01
0.849486235,0.14807,999,0.01
0.849486235,0.14806,999,0.01
0.849486235,0.14805,998,0.01
0.849486235,0.14804,997,0.01
0.849486235,0.14803,997,0.01
0.849486235,0.14802,996,0.01
0.849486235,0.14801,995,0.01
0.849486235,0.148,993,0.01
0.849486235,0.14799,991,0.01
0.847899391,0.14798,1007,0.01
0.847899391,0.14797,1007,0.01
0.847899391,0.14796,1007,0.01
0.847901467,0.14795,1000,0.01
0.847901467,0.14794,999,0.01
0.847901467,0.14793,999,0.01
0.847901467,0.14792,998,0.01
0.847899391,0.14791,1006,0.01
0.847899391,0.1479,1006,0.01
0.847899391,0.14789,1006,0.01
0.847866706,0.14788,1006,0.01
0.847901467,0.14787,993,0.01
0.847901467,0.14786,990,0.01
0.847899391,0.14785,1006,0.01
0.847899391,0.14784,1006,0.01
0.847899391,0.14783,1006,0.01
0.847899391,0.14782,1005,0.01
0.847899391,0.14781,1005,0.01
0.847899391,0.1478,1005,0.01
0.847898876,0.14779,1005,0.01
0.847899391,0.14778,1005,0.01
0.847899391,0.14777,1004,0.01
0.847899391,0.14776,1004,0.01
0.847899391,0.14775,1004,0.01
0.847899391,0.14774,1004,0.01
0.847899391,0.14773,1003,0.01
0.847899391,0.14772,1003,0.01
0.847899391,0.14771,1003,0.01
0.847899391,0.1477,1003,0.01
0.847899391,0.14769,1002,0.01
0.847849586,0.14768,1002,0.01
0.847899391,0.14767,1001,0.01
0.847899391,0.14766,1001,0.01
0.847899391,0.14765,1000,0.01
0.847899391,0.14764,1000,0.01
0.847899391,0.14763,999,0.01
0.847899391,0.14762,998,0.01
0.847899391,0.14761,998,0.01
0.847899391,0.1476,997,0.01
0.847899391,0.14759,996,0.01
0.847899391,0.14758,995,0.01
0.847898876,0.14757,994,0.01
0.847899391,0.14756,992,0.01
0.847899391,0.14755,987,0.01
0.847775653,0.14754,1009,0.01
0.847773584,0.14753,1009,0.01
0.847776274,0.14752,1009,0.01
0.847774199,0.14751,1009,0.01
0.84777628,0.1475,1009,0.01
0.847776274,0.14749,1009,0.01
0.847774206,0.14748,1009,0.01
0.847776274,0.14747,1009,0.01
0.847776274,0.14746,1009,0.01
0.847774199,0.14745,1009,0.01
0.847774199,0.14744,1009,0.01
0.847774199,0.14743,1009,0.01
0.847774199,0.14742,1008,0.01
0.847776274,0.14741,1008,0.01
0.847774206,0.1474,1008,0.01
0.847774199,0.14739,1008,0.01
0.847773578,0.14738,1008,0.01
0.847774206,0.14737,1008,0.01
0.847775653,0.14736,1008,0.01
0.847774199,0.14735,1008,0.01
0.847775653,0.14734,1008,0.01
0.84777628,0.14733,1008,0.01
0.847776274,0.14732,1008,0.01
0.847776274,0.14731,1008,0.01
0.847776274,0.1473,1008,0.01
0.847776274,0.14729,1008,0.01
0.847776274,0.14728,1007,0.01
0.847776274,0.14727,1007,0.01
0.847774199,0.14726,1007,0.01
0.847774206,0.14725,1007,0.01
0.847774199,0.14724,1007,0.01
0.847774206,0.14723,1007,0.01
0.847776274,0.14722,1007,0.01
0.847776274,0.14721,1007,0.01
0.847776274,0.1472,1007,0.01
0.847776274,0.14719,1007,0.01
0.847776274,0.14718,1007,0.01
0.847774199,0.14717,1007,0.01
0.847776274,0.14716,1006,0.01
0.847774199,0.14715,1006,0.01
0.847776274,0.14714,1006,0.01
0.847774199,0.14713,1006,0.01
0.847741008,0.14712,1006,0.01
0.847774199,0.14711,1006,0.01
0.847774199,0.1471,1006,0.01
0.847774199,0.14709,1006,0.01
0.847774199,0.14708,1006,0.01
0.847774199,0.14707,1006,0.01
0.847776274,0.14706,1006,0.01
0.847724409,0.14705,1006,0.01
0.847774199,0.14704,1005,0.01
0.847741524,0.14703,1005,0.01
0.847774199,0.14702,1005,0.01
0.847774199,0.14701,1005,0.01
0.847774199,0.147,1005,0.01
0.847774199,0.14699,1004,0.01
0.847774199,0.14698,1004,0.01
0.847774199,0.14697,1004,0.01
0.847741008,0.14696,1004,0.01
0.847774199,0.14695,1003,0.01
0.847774199,0.14694,1003,0.01
0.847774199,0.14693,1003,0.01
0.847774199,0.14692,1003,0.01
0.847741524,0.14691,1003,0.01
0.847774199,0.1469,1002,0.01
0.847774199,0.14689,1002,0.01
0.847774199,0.14688,1002,0.01
0.847774199,0.14687,1001,0.01
0.847774199,0.14686,1001,0.01
0.847774199,0.14685,1000,0.01
0.847774199,0.14684,1000,0.01
0.847774199,0.14683,999,0.01
0.847774199,0.14682,998,0.01
0.847774199,0.14681,998,0.01
0.847774199,0.1468,997,0.01
0.847774199,0.14679,996,0.01
0.847774199,0.14678,995,0.01
0.847774199,0.14677,994,0.01
0.847774199,0.14676,993,0.01
0.847774199,0.14675,992,0.01
0.847774199,0.14674,991,0.01
0.847774199,0.14673,985,0.01
0.845983235,0.14672,996,0.01
0.845983235,0.14671,996,0.01
0.845983235,0.1467,995,0.01
0.845983235,0.14669,993,0.01
0.845983235,0.14668,992,0.01
0.845983235,0.14667,990,0.01
0.842565366,0.14666,989,0.01
0.841187168,0.14665,991,0.01
0.841187168,0.14664,980,0.01
0.831151282,0.14663,983,0.01
0.824855497,0.14662,996,0.01
0.824855497,0.14661,995,0.01
0.824855497,0.1466,994,0.01
0.824855497,0.14659,993,0.01
0.824855497,0.14658,992,0.01
0.824855497,0.14657,990,0.01
0.824855497,0.14656,986,0.01
0.823018418,0.14655,997,0.01
0.823018418,0.14654,997,0.01
0.823018418,0.14653,996,0.01
0.823018418,0.14652,995,0.01
0.823018418,0.14651,994,0.01
0.823018418,0.1465,993,0.01
0.823018418,0.14649,991,0.01
0.823018418,0.14648,987,0.01
0.819371222,0.14647,991,0.01
0.819371222,0.14646,987,0.01
0.818831134,0.14645,1002,0.01
0.818830624,0.14644,1001,0.01
0.818831134,0.14643,1000,0.01
0.818831134,0.14642,1000,0.01
0.818831134,0.14641,999,0.01
0.818831134,0.1464,998,0.01
0.818831134,0.14639,997,0.01
0.818831134,0.14638,996,0.01
0.818830624,0.14637,995,0.01
0.818831134,0.14636,992,0.01
0.818064072,0.14635,990,0.01
0.817060787,0.14634,987,0.01
0.816340995,0.14633,978,0.01
0.804467259,0.14632,1004,0.01
0.804467259,0.14631,1004,0.01
0.804467259,0.1463,1004,0.01
0.804467259,0.14629,1003,0.01
0.804467259,0.14628,1003,0.01
0.804467259,0.14627,1003,0.01
0.804467259,0.14626,1003,0.01
0.804467259,0.14625,1002,0.01
0.804467259,0.14624,1002,0.01
0.804467259,0.14623,1002,0.01
0.804467259,0.14622,1001,0.01
0.804467259,0.14621,1001,0.01
0.804467259,0.1462,1001,0.01
0.804467259,0.14619,1000,0.01
0.804467259,0.14618,999,0.01
0.804467259,0.14617,998,0.01
0.804467259,0.14616,997,0.01
0.804467259,0.14615,996,0.01
0.804467259,0.14614,995,0.01
0.804467259,0.14613,994,0.01
0.804467259,0.14612,990,0.01
0.804467259,0.14611,983,0.01
0.802661138,0.1461,989,0.01
0.801158212,0.14609,979,0.01
0.790690397,0.14608,983,0.01
0.777029191,0.14607,984,0.01
0.767178065,0.14606,986,0.01
0.750420008,0.14605,985,0.01
0.717391228,0.14604,1003,0.01
0.717391228,0.14603,1003,0.01
0.717390776,0.14602,1003,0.01
0.717391228,0.14601,1002,0.01
0.717391228,0.146,1002,0.01
0.717391228,0.14599,1002,0.01
0.717391228,0.14598,1002,0.01
0.717391228,0.14597,1002,0.01
0.717391228,0.14596,1001,0.01
0.717391228,0.14595,1001,0.01
0.717391228,0.14594,1001,0.01
0.717391228,0.14593,1001,0.01
0.717391228,0.14592,1000,0.01
0.717391228,0.14591,1000,0.01
0.717391228,0.1459,999,0.01
0.717391228,0.14589,999,0.01
0.717390776,0.14588,998,0.01
0.717391228,0.14587,996,0.01
0.717391228,0.14586,994,0.01
0.717391228,0.14585,992,0.01
0.717391228,0.14584,989,0.01
0.717390776,0.14583,984,0.01
0.695019147,0.14582,990,0.01
0.695019147,0.14581,986,0.01
0.693096657,0.1458,982,0.01
0.667164438,0.14579,983,0.01
6.74E-13,0.14578,1016,0.01
2.64E-13,0.14577,1016,0.01
3.45E-13,0.14576,1016,0.01
6.31E-14,0.14575,1016,0.01
0,0.14574,1016,0.01
0,0.14573,1016,0.01
0,0.14572,1016,0.01
0,0.14571,1016,0.01
0,0.1457,1016,0.01
0,0.14569,1016,0.01
0,0.14568,1016,0.01
0,0.14567,1016,0.01
0,0.14566,1016,0.01
1.53E-13,0.14565,1016,0.01
0,0.14564,1016,0.01
0,0.14563,1016,0.01
0,0.14562,1016,0.01
2.14E-13,0.14561,1016,0.01
0,0.1456,1016,0.01
